,mkt_excess_daily
2015-03-05,0.0011125062130227749
2015-03-06,-0.014363264317392198
2015-03-09,0.003850307231858855
2015-03-10,-0.017190845680123197
2015-03-11,-0.002002379714498081
2015-03-12,0.012440231812455606
2015-03-13,-0.006176873302902856
2015-03-16,0.013360438630274444
2015-03-17,-0.003406613142892058
2015-03-18,0.012009243893723032
2015-03-19,-0.004962292815993502
2015-03-20,0.008896524585354006
2015-03-23,-0.001822724883839341
2015-03-24,-0.006232256273508246
2015-03-25,-0.014741784135144738
2015-03-26,-0.0024593016172609447
2015-03-27,0.0022891245746129918
2015-03-30,0.012085357276039025
2015-03-31,-0.008910933118022083
2015-04-01,-0.004046775251902619
2015-04-02,0.003447984026588114
2015-04-06,0.006511604370039605
2015-04-07,-0.0021383327641351932
2015-04-08,0.0026034732802211608
2015-04-09,0.004370161324466904
2015-04-10,0.005112351528345811
2015-04-13,-0.004668053721452432
2015-04-14,0.001553742757559107
2015-04-15,0.005059910136850708
2015-04-16,-0.0008534362589399123
2015-04-17,-0.011449225239108324
2015-04-20,0.00911805908558201
2015-04-21,-0.0015571707818939906
2015-04-22,0.00499639006261512
2015-04-23,0.0022779154714419572
2015-04-24,0.0021744092168478114
2015-04-27,-0.004226160141225939
2015-04-28,0.002686822582996588
2015-04-29,-0.0038282635626832777
2015-04-30,-0.010261079633517103
2015-05-01,0.010780528919069575
2015-05-04,0.002851631458333685
2015-05-05,-0.011993970182482586
2015-05-06,-0.004553977208133643
2015-05-07,0.0036811319856874664
2015-05-08,0.013283346297931828
2015-05-11,-0.0051920166324109845
2015-05-12,-0.0030434566156962123
2015-05-13,-0.0003940734685478185
2015-05-14,0.010634084457074195
2015-05-15,0.0006840940848847038
2015-05-18,0.0029557926678846634
2015-05-19,-0.0007326537757381662
2015-05-20,-0.001019633592316913
2015-05-21,0.002249179084792323
2015-05-22,-0.0023231285397728573
2015-05-26,-0.010419229650484106
2015-05-27,0.009036894186128309
2015-05-28,-0.0013512001301930713
2015-05-29,-0.00642176282848334
2015-06-01,0.0019713766751951753
2015-06-02,-0.0010981773432439713
2015-06-03,0.002023291394195103
2015-06-04,-0.00875118615915963
2015-06-05,-0.0015317159394756105
2015-06-08,-0.006589285995442978
2015-06-09,0.0003233773442158088
2015-06-10,0.011872505194616106
2015-06-11,0.0016433910993906957
2015-06-12,-0.007112600310240139
2015-06-15,-0.004725852420594747
2015-06-16,0.005582718724950247
2015-06-17,0.0018866726042692853
2015-06-18,0.009761824950361188
2015-06-19,-0.005406299379472484
2015-06-22,0.005983417525416772
2015-06-23,0.0005407782504064311
2015-06-24,-0.0074738037938661545
2015-06-25,-0.003072117357458779
2015-06-26,-0.00048775513720563936
2015-06-29,-0.02117836910825666
2015-06-30,0.002562787248819763
2015-07-01,0.006816820829635645
2015-07-02,-0.0004021833904088994
2015-07-06,-0.0039594687583001595
2015-07-07,0.005973488415972592
2015-07-08,-0.016880096528617872
2015-07-09,0.002168635854016434
2015-07-10,0.012168098210220763
2015-07-13,0.010909605509961406
2015-07-14,0.004348772529757096
2015-07-15,-0.0008278190995606863
2015-07-16,0.007890170645652337
2015-07-17,0.0010137842538600176
2015-07-20,0.000677598548440706
2015-07-21,-0.004362971346370741
2015-07-22,-0.00248196461983541
2015-07-23,-0.005781670387708399
2015-07-24,-0.010850092874557338
2015-07-27,-0.005879274869750016
2015-07-28,0.012221389660366488
2015-07-29,0.007202294790555012
2015-07-30,-6.109327230657808e-05
2015-07-31,-0.002360458927168823
2015-08-03,-0.0028454956343338857
2015-08-04,-0.0023397589716187064
2015-08-05,0.0030203780091617328
2015-08-06,-0.007870715727247981
2015-08-07,-0.002964601340125653
2015-08-10,0.012638927677099952
2015-08-11,-0.009687477915402665
2015-08-12,0.0008655788952329227
2015-08-13,-0.001361992692333689
2015-08-14,0.0038179771482420234
2015-08-17,0.0051130900199736155
2015-08-18,-0.002715338061750214
2015-08-19,-0.008372384053982794
2015-08-20,-0.021408042165228826
2015-08-21,-0.032449769122147074
2015-08-24,-0.040290415226306324
2015-08-25,-0.013697497387041579
2015-08-26,0.038205720950743705
2015-08-27,0.0239216760059021
2015-08-28,0.00052258433292373
2015-08-31,-0.008513822054273314
2015-09-01,-0.030107839948044033
2015-09-02,0.018041316297097525
2015-09-03,0.0010785372156309537
2015-09-04,-0.015531944966982255
2015-09-08,0.02468728207092139
2015-09-09,-0.014081779159373977
2015-09-10,0.0051765556402498195
2015-09-11,0.004390651318869167
2015-09-14,-0.004183619706831749
2015-09-15,0.012660227455103415
2015-09-16,0.008577504655973164
2015-09-17,-0.002651087832849359
2015-09-18,-0.016379867167089557
2015-09-21,0.004469036907555583
2015-09-22,-0.012478954762360085
2015-09-23,-0.0021355459190232824
2015-09-24,-0.003452288084012457
2015-09-25,-0.0005510919068365851
2015-09-28,-0.026083681556390566
2015-09-29,0.0011515673127128147
2015-09-30,0.018814983168455063
2015-10-01,0.0018914120780682744
2015-10-02,0.01413560022563434
2015-10-05,0.01804328928664773
2015-10-06,-0.003675215944412198
2015-10-07,0.00792182686704328
2015-10-08,0.008696532500172806
2015-10-09,0.0006416009161296759
2015-10-13,-0.005655074647904381
2015-10-14,-0.0048056237027103155
2015-10-15,0.014663413624031599
2015-10-16,0.004479923646373533
2015-10-19,0.0001903712165495704
2015-10-20,-0.0015037940464032388
2015-10-21,-0.005922586638457742
2015-10-22,0.016410709285270633
2015-10-23,0.010887872257960118
2015-10-26,-0.0019962372329545373
2015-10-27,-0.0026379124653566383
2015-10-28,0.011688018094562014
2015-10-29,-0.0005358422046132087
2015-10-30,-0.004906283377854767
2015-11-02,0.011717521212697493
2015-11-03,0.002636833120381682
2015-11-04,-0.0036399630068488526
2015-11-05,-0.0012214738980211666
2015-11-06,-0.00043946915061435297
2015-11-09,-0.009963853455325912
2015-11-10,0.001418443362646089
2015-11-12,-0.01741348244900524
2015-11-13,-0.011360100608484384
2015-11-16,0.014704230616338212
2015-11-17,-0.00142857308544824
2015-11-18,0.015944157699276092
2015-11-19,-0.0012116482839043337
2015-11-20,0.0037142711386265524
2015-11-23,-0.0013239199088857538
2015-11-24,0.0011333419900356604
2015-11-25,-0.0002166604196529943
2015-11-27,0.0005063099430044822
2015-11-30,-0.0047385435299077015
2015-12-01,0.010539525711518824
2015-12-02,-0.011142171123236861
2015-12-03,-0.014569226043795217
2015-12-04,0.02022839618752228
2015-12-07,-0.007101563765083588
2015-12-08,-0.006598960580519679
2015-12-09,-0.007856217982169084
2015-12-10,0.0021609486236695455
2015-12-11,-0.019697503968521338
2015-12-14,0.004656768259382186
2015-12-15,0.01047311992958544
2015-12-16,0.014320399591368748
2015-12-17,-0.015242684590801445
2015-12-18,-0.018043461831059423
2015-12-21,0.007661951601039086
2015-12-22,0.008690187636643757
2015-12-23,0.012252524349657738
2015-12-24,-0.0016882114710649852
2015-12-28,-0.002268844411231149
2015-12-29,0.010482652382219392
2015-12-30,-0.007334022727837109
2015-12-31,-0.009545557219363995
2016-01-04,-0.01550994975273106
2016-01-05,0.001921908072158274
2016-01-06,-0.01328774148641396
2016-01-07,-0.02407061820877411
2016-01-08,-0.010981173658553925
2016-01-11,0.0007677181902066372
2016-01-12,0.007689266473389178
2016-01-13,-0.0253640680684185
2016-01-14,0.016475590540802512
2016-01-15,-0.021915521514428733
2016-01-19,0.0004507647523187731
2016-01-20,-0.011841736905685421
2016-01-21,0.005102628768858026
2016-01-22,0.019999422650359044
2016-01-25,-0.015841293989087825
2016-01-26,0.013966266950580859
2016-01-27,-0.011002282167618461
2016-01-28,0.0054347688632416045
2016-01-29,0.024382404094065144
2016-02-01,-0.0005207493947007062
2016-02-02,-0.01899448976828652
2016-02-03,0.004905709449656703
2016-02-04,0.0014520472424683442
2016-02-05,-0.018727289766305687
2016-02-08,-0.014323901725972478
2016-02-09,-0.0007322944301194623
2016-02-10,-0.0002562516254014457
2016-02-11,-0.012441608365611707
2016-02-12,0.01926156142368671
2016-02-16,0.016311724110047634
2016-02-17,0.01627492751004208
2016-02-18,-0.004745475926849836
2016-02-19,-9.526706594359173e-05
2016-02-22,0.014281107372029462
2016-02-23,-0.012601031354147727
2016-02-24,0.0043611162317168176
2016-02-25,0.011217083235810315
2016-02-26,-0.0019410991137064023
2016-02-29,-0.00822258487493094
2016-03-01,0.023516422821478138
2016-03-02,0.004013597606097496
2016-03-03,0.0034206717401761328
2016-03-04,0.003226529294024378
2016-03-07,0.0008095438927190647
2016-03-08,-0.01137571863614699
2016-03-09,0.0049649832818595375
2016-03-10,7.993518921695177e-05
2016-03-11,0.01618474189980816
2016-03-14,-0.0013391831657706477
2016-03-15,-0.0019160454834768598
2016-03-16,0.00550848098128841
2016-03-17,0.006498504160451439
2016-03-18,0.004322056679108857
2016-03-21,0.0009096236271662619
2016-03-22,-0.0009540197972635384
2016-03-23,-0.006480420102584441
2016-03-24,-0.0004532206875217038
2016-03-28,0.0004708068325243322
2016-03-29,0.008706828938638151
2016-03-30,0.004268917413425415
2016-03-31,-0.0021118559912579942
2016-04-01,0.0062405555686784984
2016-04-04,-0.003283493677491901
2016-04-05,-0.010264362137261061
2016-04-06,0.010383564147871411
2016-04-07,-0.01211496729169702
2016-04-08,0.0027150289753870294
2016-04-11,-0.002811609615070475
2016-04-12,0.009545350383468716
2016-04-13,0.009920446041511273
2016-04-14,0.0001021191042263504
2016-04-15,-0.0010540033602877078
2016-04-18,0.0064497119821607055
2016-04-19,0.003009334404945274
2016-04-20,0.000688513157628455
2016-04-21,-0.005281473429209355
2016-04-22,-2.644147600728355e-05
2016-04-25,-0.0018887685289078794
2016-04-26,0.0017947532737456436
2016-04-27,0.0015744730616917466
2016-04-28,-0.009345988316565875
2016-04-29,-0.005147911810697982
2016-05-02,0.007705696125326784
2016-05-03,-0.008785682503995145
2016-05-04,-0.006024986203393808
2016-05-05,-0.00030827047693590096
2016-05-06,0.0030992070556313477
2016-05-09,0.0006835895805633255
2016-05-10,0.01233674150899071
2016-05-11,-0.009675586603335255
2016-05-12,-0.00023832307087937588
2016-05-13,-0.008581717656393014
2016-05-16,0.009680132586697636
2016-05-17,-0.009525097336304555
2016-05-18,0.00013163663634618584
2016-05-19,-0.00378633641432667
2016-05-20,0.005928717331198626
2016-05-23,-0.0021599888231058936
2016-05-24,0.01351550604403627
2016-05-25,0.006877008601528354
2016-05-26,-0.0002824286300693944
2016-05-27,0.004204953047833392
2016-05-31,-0.0010781208755941947
2016-06-01,0.0010616567623201437
2016-06-02,0.002749513051386937
2016-06-03,-0.00298334573133538
2016-06-06,0.004817264793897093
2016-06-07,0.0012209419999681384
2016-06-08,0.0032368184773141945
2016-06-09,-0.0017853484585807408
2016-06-10,-0.009282083888197356
2016-06-13,-0.008212069345969377
2016-06-14,-0.0018642756282318024
2016-06-15,-0.0019053985445891244
2016-06-16,0.0030662755318260544
2016-06-17,-0.0033270547008688207
2016-06-20,0.005725660205808109
2016-06-21,0.002641107109569174
2016-06-22,-0.001719432106952654
2016-06-23,0.01320711328859587
2016-06-24,-0.03664261038480215
2016-06-27,-0.01831976415515693
2016-06-28,0.017556603960633743
2016-06-29,0.016830161175643794
2016-06-30,0.013415172334098528
2016-07-01,0.0018891886495778457
2016-07-05,-0.006925025030861485
2016-07-06,0.005284299569958055
2016-07-07,-0.0009271281453401097
2016-07-08,0.015084190520729634
2016-07-11,0.003346475187395806
2016-07-12,0.006924587802087623
2016-07-13,7.645887838253841e-05
2016-07-14,0.005185168296438903
2016-07-15,-0.000992368540650073
2016-07-18,0.002316862936490315
2016-07-19,-0.001497631368861364
2016-07-20,0.00419860943038557
2016-07-21,-0.0036808874357444937
2016-07-22,0.0044818092102907265
2016-07-25,-0.0030782269914575084
2016-07-26,0.000260914581499895
2016-07-27,-0.0012591245873564186
2016-07-28,0.0015450568075446715
2016-07-29,0.0015724624742036882
2016-08-01,-0.001330066884825377
2016-08-02,-0.006442976931867282
2016-08-03,0.0030680065968714844
2016-08-04,0.00015307656215476868
2016-08-05,0.008504098404001638
2016-08-08,-0.0009701761769200212
2016-08-09,0.00032868186735636966
2016-08-10,-0.0029278788590984058
2016-08-11,0.004661597523224126
2016-08-12,-0.0008558361242483758
2016-08-15,0.002727980175322159
2016-08-16,-0.005555959795697744
2016-08-17,0.0018054191377095885
2016-08-18,0.0021369471911243266
2016-08-19,-0.0015035178202959943
2016-08-22,-0.0006245180025227201
2016-08-23,0.0018888310591621204
2016-08-24,-0.005315482128117851
2016-08-25,-0.0014283686481732628
2016-08-26,-0.0016438347949731776
2016-08-29,0.005152610849454828
2016-08-30,-0.002017408986342296
2016-08-31,-0.0024408993570904144
2016-09-01,-0.0001032029686309602
2016-09-02,0.004129252118255688
2016-09-06,0.002916206250805736
2016-09-07,-0.00020704126976629612
2016-09-08,-0.002288868230207188
2016-09-09,-0.02489346498345141
2016-09-12,0.0145042743727475
2016-09-13,-0.015009812003677365
2016-09-14,-0.0006547427215049898
2016-09-15,0.00999123295479936
2016-09-16,-0.003846321117264254
2016-09-19,-8.549655551684003e-05
2016-09-20,0.00023259037385737366
2016-09-21,0.010792668087482521
2016-09-22,0.006414590881286631
2016-09-23,-0.005817063515978675
2016-09-26,-0.008687449003294469
2016-09-27,0.006362068296852137
2016-09-28,0.00522075902442294
2016-09-29,-0.009426554598527176
2016-09-30,0.00787340310724877
2016-10-03,-0.003330184217882613
2016-10-04,-0.005034384896738806
2016-10-05,0.004219812601967519
2016-10-06,0.00041260004968937127
2016-10-07,-0.0033268511670807347
2016-10-11,-0.007998871107478281
2016-10-12,0.001075528708477562
2016-10-13,-0.0031729202151491256
2016-10-14,0.00013079083321507526
2016-10-17,-0.0031122418388868853
2016-10-18,0.006072661802783499
2016-10-19,0.002120338371208751
2016-10-20,-0.0014459049155227041
2016-10-21,-0.00015259892351401585
2016-10-24,0.0046689709203807436
2016-10-25,-0.0038745811917529813
2016-10-26,-0.0018123314191084894
2016-10-27,-0.003063937797614912
2016-10-28,-0.003186271629578908
2016-10-31,-0.0001946361392027589
2016-11-01,-0.006881981688875883
2016-11-02,-0.006618067569053259
2016-11-03,-0.004504785889617727
2016-11-04,-0.001737923769614219
2016-11-07,0.0219082371493241
2016-11-08,0.00369096782524021
2016-11-09,0.010934815647801608
2016-11-10,0.001864432480875
2016-11-14,-0.0016019576096666641
2016-11-15,0.007365435217403621
2016-11-16,-0.0016706481388523112
2016-11-17,0.004575621224369232
2016-11-18,-0.002481438736139132
2016-11-21,0.0073423024712287455
2016-11-22,0.0020724671595344878
2016-11-23,0.0007151353580854012
2016-11-25,0.0038141828146003084
2016-11-28,-0.005359401045538772
2016-11-29,0.0012441662938591656
2016-11-30,-0.0027498810112817434
2016-12-01,-0.00361777331873531
2016-12-02,0.0003028145192222585
2016-12-05,0.005710701269606234
2016-12-06,0.0033113588117371726
2016-12-07,0.012985571374132658
2016-12-08,0.002062901816008736
2016-12-09,0.0058245935852572735
2016-12-12,-0.0012356816828827705
2016-12-13,0.006421271012346564
2016-12-14,-0.008249830304586644
2016-12-15,0.0037738515496623906
2016-12-16,-0.0018540128888714232
2016-12-19,0.00187363787248323
2016-12-20,0.003530216741108198
2016-12-21,-0.0025603075442423425
2016-12-22,-0.0019646330419611805
2016-12-23,0.00115101071551456
2016-12-27,0.002145153244504078
2016-12-28,-0.008490014395514448
2016-12-29,-0.00039094712415162745
2016-12-30,-0.004743885048825731
2017-01-03,0.008354716401185614
2017-01-04,0.005609526101807514
2017-01-05,-0.0008639180586065344
2017-01-06,0.0034159010057921036
2017-01-09,-0.0036482435471205253
2017-01-10,-9.333807556089629e-05
2017-01-11,0.002732304313541055
2017-01-12,-0.002239675192553017
2017-01-13,0.0017540181942842905
2017-01-17,-0.0030633140558635756
2017-01-18,0.0016673122950223642
2017-01-19,-0.003712662572031815
2017-01-20,0.0032633718724095167
2017-01-23,-0.00278825035281289
2017-01-24,0.006446315581249876
2017-01-25,0.00789490496781825
2017-01-26,-0.0008340286210060347
2017-01-27,-0.0009644388820248471
2017-01-30,-0.006125272888379909
2017-01-31,-0.0009863519600040427
2017-02-01,0.00020110679922586355
2017-02-02,0.0004729346498005876
2017-02-03,0.007140897462270353
2017-02-06,-0.002212485688496059
2017-02-07,0.0001326902629834062
2017-02-08,0.0006012947780189395
2017-02-09,0.005641950535097884
2017-02-10,0.0034652061152660165
2017-02-13,0.005136857979009808
2017-02-14,0.0039025022479601385
2017-02-15,0.004881514979991519
2017-02-16,-0.0009605419535216667
2017-02-17,0.001582261152450202
2017-02-21,0.0059345744150677586
2017-02-22,-0.001177674321591049
2017-02-23,0.00032556089569833724
2017-02-24,0.0014016262879730929
2017-02-27,0.0009249024689102644
2017-02-28,-0.0026742689140183086
2017-03-01,0.013484773414983399
2017-03-02,-0.005974716364388524
2017-03-03,0.00040615097625153516
2017-03-06,-0.0033802221558490667
2017-03-07,-0.003016386677914397
2017-03-08,-0.002387523624108456
2017-03-09,0.0006977194748752049
2017-03-10,0.003162257182156038
2017-03-13,0.00026393601787706386
2017-03-14,-0.003486605118782187
2017-03-15,0.008241505438943433
2017-03-16,-0.0017271826273340455
2017-03-17,-0.0014131658221297344
2017-03-20,-0.0021087410280927355
2017-03-21,-0.012580870195103512
2017-03-22,0.0017939896466003021
2017-03-23,-0.0011553328515731581
2017-03-24,-0.0009384654148008482
2017-03-27,-0.0011134456614065266
2017-03-28,0.007130420654836995
2017-03-29,0.000991010546692733
2017-03-30,0.0028359227369180577
2017-03-31,-0.0023517071391291828
2017-04-03,-0.0017356504116609794
2017-04-04,0.0004668032758379715
2017-04-05,-0.003151324182112815
2017-04-06,0.0018358629231443008
2017-04-07,-0.0009208105385057679
2017-04-10,0.0005944996796579264
2017-04-11,-0.00152592008276184
2017-04-12,-0.0038564975953158526
2017-04-13,-0.006925928244729348
2017-04-17,0.008487781549584426
2017-04-18,-0.0029931813296211933
2017-04-19,-0.0018045687871578347
2017-04-20,0.0074409424080487205
2017-04-21,-0.00312759606204051
2017-04-24,0.010692276411782881
2017-04-25,0.005980039108103529
2017-04-26,-0.0005768332664909054
2017-04-27,0.0004625309408964708
2017-04-28,-0.0020048276083187103
2017-05-01,0.0016393922272486955
2017-05-02,0.0010984954489828606
2017-05-03,-0.0013635689954725164
2017-05-04,0.0004893704890461467
2017-05-05,0.00398779660865496
2017-05-08,-5.62803852295576e-05
2017-05-09,-0.0011206627315801735
2017-05-10,0.0010354620107063993
2017-05-11,-0.0022588770312440554
2017-05-12,-0.0015709349404393893
2017-05-15,0.0046733549324245414
2017-05-16,-0.0007785326366311758
2017-05-17,-0.0184325997875914
2017-05-18,0.0035925188225301124
2017-05-19,0.006657183403514862
2017-05-22,0.005058567228806764
2017-05-23,0.0017463370355517416
2017-05-24,0.0023973496630534303
2017-05-25,0.004343815974776509
2017-05-26,0.00022220571810075784
2017-05-30,-0.00129209411982308
2017-05-31,-0.0005468180102405877
2017-06-01,0.007455852194557964
2017-06-02,0.003616461382825624
2017-06-05,-0.0013039856242165774
2017-06-06,-0.0028669334091858557
2017-06-07,0.0014814503125595991
2017-06-08,0.0001812022117122816
2017-06-09,-0.0009170772564765363
2017-06-12,-0.0010659858700073738
2017-06-13,0.0044146154529408795
2017-06-14,-0.0010807402005379987
2017-06-15,-0.0023269114862697095
2017-06-16,0.00019879746063035974
2017-06-19,0.00822661638294151
2017-06-20,-0.006803962136361
2017-06-21,-0.000667615882700932
2017-06-22,-0.0005402992076584811
2017-06-23,0.0014752853201887017
2017-06-26,0.00023172719675058914
2017-06-27,-0.008192329965962166
2017-06-28,0.008682370030074726
2017-06-29,-0.008726289022037498
2017-06-30,0.0014414336668149732
2017-07-03,0.002215992875499933
2017-07-05,0.0013608244366435708
2017-07-06,-0.009505937762991532
2017-07-07,0.0062889869124783645
2017-07-10,0.0008339980279516692
2017-07-11,-0.0008759375222075231
2017-07-12,0.007187651348176304
2017-07-13,0.001780654369825417
2017-07-14,0.004571216570364103
2017-07-17,-0.0001435381807654243
2017-07-18,0.0005086065202148367
2017-07-19,0.005269186038157299
2017-07-20,-0.00024274326650319556
2017-07-21,-0.00045584728413401455
2017-07-24,-0.0011529851369316687
2017-07-25,0.002827507920252903
2017-07-26,0.00019277586929081051
2017-07-27,-0.0010641734281972692
2017-07-28,-0.001432251737518774
2017-07-31,-0.0008186468939625374
2017-08-01,0.002357436633415602
2017-08-02,0.00040345522945129904
2017-08-03,-0.0022739497898708024
2017-08-04,0.0017982492396434176
2017-08-07,0.0015571605027576033
2017-08-08,-0.0025072003672140042
2017-08-09,-0.00045158274763750823
2017-08-10,-0.014666573526858644
2017-08-11,0.001188790304034651
2017-08-14,0.009906519629573046
2017-08-15,-0.0005880045047796408
2017-08-16,0.0013315757186465331
2017-08-17,-0.0156433093111439
2017-08-18,-0.001923020485304479
2017-08-21,0.0010763972307782578
2017-08-22,0.00980456364414872
2017-08-23,-0.003544760238255043
2017-08-24,-0.002162583571090927
2017-08-25,0.001586281563321386
2017-08-28,0.000402151783866739
2017-08-29,0.0007588305493037746
2017-08-30,0.0045201185528406474
2017-08-31,0.005621425940327863
2017-09-01,0.0018957763529058617
2017-09-05,-0.007660762783999356
2017-09-06,0.003041372099562671
2017-09-07,-0.00025897864512260745
2017-09-08,-0.0015708755785677603
2017-09-11,0.010696950454165252
2017-09-12,0.0032731124892670773
2017-09-13,0.0006704791219654155
2017-09-14,-0.0011876789769450875
2017-09-15,0.001759122420042235
2017-09-18,0.0013673421244434917
2017-09-19,0.0010216716618062535
2017-09-20,0.0005446865259804908
2017-09-21,-0.0031396381248109846
2017-09-22,0.0005588998536441565
2017-09-25,-0.0023116543163302144
2017-09-26,-1.574382903025272e-05
2017-09-27,0.003986198457929364
2017-09-28,0.0011132666848794677
2017-09-29,0.0036068634688536955
2017-10-02,0.003774731459121621
2017-10-03,0.002065111585015789
2017-10-04,0.0011545440614685086
2017-10-05,0.005538728927645092
2017-10-06,-0.0011671616213650745
2017-10-10,0.0004214806588167747
2017-10-11,0.0017097078260159162
2017-10-12,-0.0017795767199965185
2017-10-13,0.0007882618285173581
2017-10-16,0.0016589864729030178
2017-10-17,0.0005821168460312576
2017-10-18,0.0006502721407388544
2017-10-19,0.00023654451536535547
2017-10-20,0.005010070527892949
2017-10-23,-0.0040737333885580915
2017-10-24,0.0015217126997710852
2017-10-25,-0.004769618684653767
2017-10-26,0.0011737015818604755
2017-10-27,0.007945721804940143
2017-10-30,-0.003290527832866069
2017-10-31,0.0008506748611184192
2017-11-01,0.00149789365177852
2017-11-02,9.777266601906738e-05
2017-11-03,0.0030005019557237016
2017-11-06,0.0011794320939728746
2017-11-07,-0.00028013259588547285
2017-11-08,0.0013516021412568592
2017-11-09,-0.0038603809390152666
2017-11-10,-0.0009921601769160755
2017-11-13,0.0008890377104306667
2017-11-14,-0.002405618635842819
2017-11-15,-0.005632398341768741
2017-11-16,0.008069702326847054
2017-11-17,-0.0027215920825450425
2017-11-20,0.001181919432664761
2017-11-21,0.006427276080929296
2017-11-22,-0.0008415544941330998
2017-11-24,0.001962196907641274
2017-11-27,-0.00047534337760680946
2017-11-28,0.009708544826202951
2017-11-29,-0.00046224433891612775
2017-11-30,0.008062698488024218
2017-12-01,-0.002119533391930682
2017-12-04,-0.0011456610054118028
2017-12-05,-0.003838953324778708
2017-12-06,-0.00020551177017548005
2017-12-07,0.0028351165539840352
2017-12-08,0.005397863959957245
2017-12-11,0.0031031164645583956
2017-12-12,0.0014536105212271506
2017-12-13,-0.0005656317689735848
2017-12-14,-0.00417134283441033
2017-12-15,0.008842138306495113
2017-12-18,0.005254752922460152
2017-12-19,-0.003331935711860425
2017-12-20,-0.0009258354658558208
2017-12-21,0.0018864748237679722
2017-12-22,-0.0005554838270041816
2017-12-26,-0.0011558006477710105
2017-12-27,0.0006957401354553054
2017-12-28,0.001737043397918159
2017-12-29,-0.005290745493610664
2018-01-02,0.008172640549656203
2018-01-03,0.006282770246542253
2018-01-04,0.003924105186585065
2018-01-05,0.006912320940872907
2018-01-08,0.0015633643750137245
2018-01-09,0.0012021616977337466
2018-01-10,-0.0012127676310853637
2018-01-11,0.00690949092615399
2018-01-12,0.006627004579529359
2018-01-16,-0.0036302481043306986
2018-01-17,0.009270310546457529
2018-01-18,-0.001720327098766193
2018-01-19,0.004272245073024721
2018-01-22,0.007930188306244725
2018-01-23,0.0020689886917559237
2018-01-24,-0.0006639220610290756
2018-01-25,0.0004994231223664942
2018-01-26,0.011667462030115653
2018-01-29,-0.006860458233063117
2018-01-30,-0.011065523762638993
2018-01-31,0.00038237120014891594
2018-02-01,-0.0007571102392296435
2018-02-02,-0.02154780828022896
2018-02-05,-0.04195096671476591
2018-02-06,0.017181375388473835
2018-02-07,-0.005125265987282775
2018-02-08,-0.03837056585735279
2018-02-09,0.01471490332153622
2018-02-12,0.013706766256128024
2018-02-13,0.002498780102289432
2018-02-14,0.013199611896754518
2018-02-15,0.01188341948768037
2018-02-16,0.0002611144548627766
2018-02-20,-0.005971188037397731
2018-02-21,-0.005626649039805024
2018-02-22,0.000858863987857813
2018-02-23,0.015788607314560634
2018-02-26,0.011576539198569151
2018-02-27,-0.012901753730562432
2018-02-28,-0.011270091278714995
2018-03-01,-0.013523935849188099
2018-03-02,0.0049468860631403004
2018-03-05,0.010858946679966182
2018-03-06,0.002522712001436422
2018-03-07,-0.0005970484542863251
2018-03-08,0.004341248786826378
2018-03-09,0.017116104452112695
2018-03-12,-0.0013870825330573337
2018-03-13,-0.006495038177844851
2018-03-14,-0.005850939819500436
2018-03-15,-0.000892592354014278
2018-03-16,0.0015904843356806515
2018-03-19,-0.014417554152924507
2018-03-20,0.0013676520331489758
2018-03-21,-0.0019587487541993564
2018-03-22,-0.025595628850842544
2018-03-23,-0.02130016326666839
2018-03-26,0.0266835270944843
2018-03-27,-0.01753609753252822
2018-03-28,-0.003029344675847163
2018-03-29,0.013568510275386974
2018-04-02,-0.022697563300797776
2018-04-03,0.012426763355277816
2018-04-04,0.011390904385983539
2018-04-05,0.006728679523663074
2018-04-06,-0.022272492833449474
2018-04-09,0.0032221830803865112
2018-04-10,0.016479015000151476
2018-04-11,-0.005649883732924424
2018-04-12,0.008106156819668918
2018-04-13,-0.0030011557816243617
2018-04-16,0.007965594923574942
2018-04-17,0.010494715658949022
2018-04-18,0.0007187352124943488
2018-04-19,-0.005856795293552618
2018-04-20,-0.008688932653828025
2018-04-23,-6.0296113537301644e-05
2018-04-24,-0.01358818484076701
2018-04-25,0.0017169217646931375
2018-04-26,0.01026284735308511
2018-04-27,0.0009972498058884978
2018-04-30,-0.008336562578626435
2018-05-01,0.002429661307215614
2018-05-02,-0.007348092065214133
2018-05-03,-0.002371202141558192
2018-05-04,0.01261443999862977
2018-05-07,0.003336610525284771
2018-05-08,-0.0003818174755455999
2018-05-09,0.009518351100576942
2018-05-10,0.009210870740036596
2018-05-11,0.0015899984071494776
2018-05-14,0.0007658026758347159
2018-05-15,-0.006986032820959355
2018-05-16,0.003931577120846939
2018-05-17,-0.0009777713026647063
2018-05-18,-0.0027552730200740725
2018-05-21,0.007239996782409615
2018-05-22,-0.0032602963583989466
2018-05-23,0.003125463123932439
2018-05-24,-0.0021417891824443928
2018-05-25,-0.0024746021000207506
2018-05-29,-0.01173999828817671
2018-05-30,0.012504747588393653
2018-05-31,-0.007014075121422335
2018-06-01,0.01067774308066993
2018-06-04,0.004354610341858105
2018-06-05,0.0005881327718556265
2018-06-06,0.008414759773500194
2018-06-07,-0.0008290426678193574
2018-06-08,0.003006429861916519
2018-06-11,0.0009523815414650036
2018-06-12,0.0016261118132285314
2018-06-13,-0.004150780766133298
2018-06-14,0.002353515966009571
2018-06-15,-0.0011322193613289085
2018-06-18,-0.0022426046786065638
2018-06-19,-0.004144574579961244
2018-06-20,0.0015960911782777166
2018-06-21,-0.0064791711323151585
2018-06-22,0.0017467609660389927
2018-06-25,-0.01393200816282957
2018-06-26,0.0020894795751363352
2018-06-27,-0.008752328191129243
2018-06-28,0.00604855225550114
2018-06-29,0.0006466022759659097
2018-07-02,0.0029509756392345435
2018-07-03,-0.005070371158521804
2018-07-05,0.008472728982007679
2018-07-06,0.008335161645662432
2018-07-09,0.008672391363283257
2018-07-10,0.0033549641237629415
2018-07-11,-0.007230999983467593
2018-07-12,0.00859947796862081
2018-07-13,0.000967913658620521
2018-07-16,-0.0011401782324496287
2018-07-17,0.0038539249213851825
2018-07-18,0.002045511146177074
2018-07-19,-0.004071954612579654
2018-07-20,-0.0010619543998443177
2018-07-23,0.0017206068777562017
2018-07-24,0.0046541488563483745
2018-07-25,0.008945450513878597
2018-07-26,-0.003153428973589201
2018-07-27,-0.006699590110320774
2018-07-30,-0.005887315540308984
2018-07-31,0.004757081753827776
2018-08-01,-0.0011581899018629764
2018-08-02,0.004797823357486858
2018-08-03,0.0045180620356428
2018-08-06,0.0034169980943075102
2018-08-07,0.0027036755217639268
2018-08-08,-0.00037816985877042514
2018-08-09,-0.001557313722874778
2018-08-10,-0.007251597458303391
2018-08-13,-0.004126708596540654
2018-08-14,0.0062558733878474715
2018-08-15,-0.007743108003437064
2018-08-16,0.007775929357579192
2018-08-17,0.0032053211802041716
2018-08-20,0.002314718947210554
2018-08-21,0.0019548863430759677
2018-08-22,-0.0005085870091612326
2018-08-23,-0.0018030498784528332
2018-08-24,0.006069349973367606
2018-08-27,0.007529627795559353
2018-08-28,0.00015657114703796694
2018-08-29,0.005572185840341719
2018-08-30,-0.004552071466516324
2018-08-31,2.2569045246671366e-05
2018-09-04,-0.0017691343379741982
2018-09-05,-0.0029205050903608628
2018-09-06,-0.003771661967178546
2018-09-07,-0.0023307824515085996
2018-09-10,0.001781043658199264
2018-09-11,0.003616339464993585
2018-09-12,0.00024046748608177407
2018-09-13,0.005152211295579556
2018-09-14,0.00015853235255358156
2018-09-17,-0.005702202539761981
2018-09-18,0.00523543016386184
2018-09-19,0.0011321102562034436
2018-09-20,0.007690021395406005
2018-09-21,-0.0004885937269301041
2018-09-24,-0.0036422600909823922
2018-09-25,-0.0014270961321450205
2018-09-26,-0.003414307446683698
2018-09-27,0.0026398684629876396
2018-09-28,-0.0001260928479015789
2018-10-01,0.0035137296155310334
2018-10-02,-0.0005159916140424788
2018-10-03,0.0005881950957296035
2018-10-04,-0.008327645592198432
2018-10-05,-0.005669462689738842
2018-10-09,-0.001939483755161682
2018-10-10,-0.03354215272011196
2018-10-11,-0.02091026688775868
2018-10-12,0.01398316376738752
2018-10-15,-0.006045938620764543
2018-10-16,0.021144371705436774
2018-10-17,-0.00037730443385349975
2018-10-18,-0.014620331555992745
2018-10-19,-0.0004862298458324386
2018-10-22,-0.004433791807030928
2018-10-23,-0.005650917161345724
2018-10-24,-0.031471921500167914
2018-10-25,0.018331031063497018
2018-10-26,-0.017599515786971717
2018-10-29,-0.006701586072162513
2018-10-30,0.015423405620120179
2018-10-31,0.010669807113582326
2018-11-01,0.010379811953312057
2018-11-02,-0.006462484733389626
2018-11-05,0.005459698986641058
2018-11-06,0.006114024066898756
2018-11-07,0.020861314883264145
2018-11-08,-0.0026386014839768607
2018-11-09,-0.009366196086561049
2018-11-13,-0.021503856722858594
2018-11-14,-0.007718106170207849
2018-11-15,0.010416500228587334
2018-11-16,0.0021004597605154395
2018-11-19,-0.016902769001245193
2018-11-20,-0.018437603322109728
2018-11-21,0.0029190615452434443
2018-11-23,-0.006695642415619015
2018-11-26,0.015292983055443373
2018-11-27,0.003136776599088884
2018-11-28,0.02259444353759002
2018-11-29,-0.0023039470135239504
2018-11-30,0.008019865633651247
2018-12-03,0.010765475569640595
2018-12-04,-0.03301405675069861
2018-12-06,-0.0016356731092032034
2018-12-07,-0.02370784906787333
2018-12-10,0.0016490896113652315
2018-12-11,-0.00046946630387561654
2018-12-12,0.005291043098208747
2018-12-13,-0.0003137782245575345
2018-12-14,-0.01938426889726976
2018-12-17,-0.021104184250634893
2018-12-18,-2.3959101128623127e-05
2018-12-19,-0.015623884952321287
2018-12-20,-0.01600700744456721
2018-12-21,-0.020912318459003883
2018-12-24,-0.02759384009677088
2018-12-26,0.04829320767649339
2018-12-27,0.008417803192432507
2018-12-28,-0.0013488485687771442
2018-12-31,0.008351290325611192
2019-01-02,0.0011635169866576495
2019-01-03,-0.02516864057758284
2019-01-04,0.03365483645985924
2019-01-07,0.006880254047029677
2019-01-08,0.009541706379195485
2019-01-09,0.003982404114365691
2019-01-10,0.004400974156005759
2019-01-11,-0.00025241686666350386
2019-01-14,-0.0053775029094305276
2019-01-15,0.010558124221215128
2019-01-16,0.0021126395717864553
2019-01-17,0.007455077264218873
2019-01-18,0.012987714879392528
2019-01-22,-0.014365744046428942
2019-01-23,0.0020924502914604283
2019-01-24,0.001268285452431683
2019-01-25,0.008344828072527575
2019-01-28,-0.007985429290725774
2019-01-29,-0.0015638025936607104
2019-01-30,0.015323887943359961
2019-01-31,0.008457632533301361
2019-02-01,0.0007924846366070304
2019-02-04,0.006646500160177767
2019-02-05,0.004591262115169162
2019-02-06,-0.0023326376657088694
2019-02-07,-0.009504982716027262
2019-02-08,0.0005729562895463047
2019-02-11,0.0006050622900213663
2019-02-12,0.012702903815478095
2019-02-13,0.0029133232715299376
2019-02-14,-0.002759339459667136
2019-02-15,0.010715828588989023
2019-02-19,0.0013938318127949773
2019-02-20,0.0016717440469439114
2019-02-21,-0.003638004862437072
2019-02-22,0.006286849180913376
2019-02-25,0.0011265418492644808
2019-02-26,-0.0008941725868057334
2019-02-27,-0.0006495329728937573
2019-02-28,-0.002936388556252351
2019-03-01,0.006763616960722586
2019-03-04,-0.00399460205380104
2019-03-05,-0.0012386681482527311
2019-03-06,-0.0066508091407207134
2019-03-07,-0.008262314052296592
2019-03-08,-0.0022365937327462186
2019-03-11,0.01445613264952401
2019-03-12,0.0028467228393685502
2019-03-13,0.00682330386858267
2019-03-14,-0.0009714156080625779
2019-03-15,0.004871050058781792
2019-03-18,0.0035972406610168513
2019-03-19,-0.00023281296836337226
2019-03-20,-0.0030482315834977017
2019-03-21,0.010694480651961326
2019-03-22,-0.01925249013166704
2019-03-25,-0.0009346484383114552
2019-03-26,0.00706255224119098
2019-03-27,-0.004748868933736307
2019-03-28,0.00348932905812429
2019-03-29,0.0066172053365815935
2019-04-01,0.011404596125761241
2019-04-02,-7.975663403227346e-05
2019-04-03,0.0020473116442646677
2019-04-04,0.001984091557251342
2019-04-05,0.004527731065200823
2019-04-08,0.0009481509746991468
2019-04-09,-0.006184350121412469
2019-04-10,0.003374625565609498
2019-04-11,-6.02513454002376e-05
2019-04-12,0.006487269630877995
2019-04-15,-0.0007294890639217847
2019-04-16,0.00040737218724878037
2019-04-17,-0.0023778701703877883
2019-04-18,0.0014771511642051177
2019-04-22,0.0009100364672839804
2019-04-23,0.008701655514950835
2019-04-24,-0.0022933164311866676
2019-04-25,-0.00046857658300088634
2019-04-26,0.004575976637561892
2019-04-29,0.0009714136615058577
2019-04-30,0.000852591013048514
2019-05-01,-0.007629206626115859
2019-05-02,-0.0022261664682474646
2019-05-03,0.009492592636189442
2019-05-06,-0.004579386874815454
2019-05-07,-0.01674553844087702
2019-05-08,-0.0017043147817032227
2019-05-09,-0.003122049013899787
2019-05-10,0.003616569122206197
2019-05-13,-0.02452058233935987
2019-05-14,0.007889099348429138
2019-05-15,0.005729043871597705
2019-05-16,0.008761843915636721
2019-05-17,-0.005948162831181241
2019-05-20,-0.006866758682148443
2019-05-21,0.008364673488189209
2019-05-22,-0.0029221180210368732
2019-05-23,-0.01207631618534052
2019-05-24,0.001261631981233762
2019-05-28,-0.008499634141783109
2019-05-29,-0.007024206234433036
2019-05-30,0.0020091410585206795
2019-05-31,-0.01336722999343473
2019-06-03,-0.0028503748861623663
2019-06-04,0.021122679436692094
2019-06-05,0.008045479334428009
2019-06-06,0.006033593031618734
2019-06-07,0.010360897536177357
2019-06-10,0.004564806839545103
2019-06-11,-0.00043435469317168175
2019-06-12,-0.00212329403994344
2019-06-13,0.004006540109268729
2019-06-14,-0.0016948934972356295
2019-06-17,0.0008492337212701749
2019-06-18,0.009589574157860633
2019-06-19,0.002900967976757484
2019-06-20,0.009348634456086092
2019-06-21,-0.0013413205115824249
2019-06-24,-0.001812748327677062
2019-06-25,-0.009620357494737474
2019-06-26,-0.001315222279072897
2019-06-27,0.003736914912803799
2019-06-28,0.0056623599862497065
2019-07-01,0.007563269794687568
2019-07-02,0.0028460435879453694
2019-07-03,0.007566070289573746
2019-07-05,-0.001887671931872154
2019-07-08,-0.004927699610392692
2019-07-09,0.0011544888265994635
2019-07-10,0.0044192427042281865
2019-07-11,0.002198983366242532
2019-07-12,0.004526286657680856
2019-07-15,9.377201730146378e-05
2019-07-16,-0.003493220767716344
2019-07-17,-0.006633580901203238
2019-07-18,0.0034954599814955934
2019-07-19,-0.00627641606511359
2019-07-22,0.0027441750859814274
2019-07-23,0.006742452148766942
2019-07-24,0.004596666213206816
2019-07-25,-0.005357989474109015
2019-07-26,0.007278842780273564
2019-07-29,-0.0016983373641674918
2019-07-30,-0.0026629008071544264
2019-07-31,-0.011024566819229996
2019-08-01,-0.00911421706976073
2019-08-02,-0.007382520029518943
2019-08-05,-0.03029902597260991
2019-08-06,0.012864960185700082
2019-08-07,0.0006992988392183474
2019-08-08,0.01852078883763561
2019-08-09,-0.006707046917016348
2019-08-12,-0.012458750997210053
2019-08-13,0.01495223340661493
2019-08-14,-0.02979295133991409
2019-08-15,0.0024013730576324605
2019-08-16,0.01426202205304539
2019-08-19,0.011970186083618575
2019-08-20,-0.008007251431315079
2019-08-21,0.008150380671974515
2019-08-22,-0.0005699735155384386
2019-08-23,-0.026348744763385633
2019-08-26,0.010862467399325044
2019-08-27,-0.003267012615923839
2019-08-28,0.00646624279126529
2019-08-29,0.012548400645484277
2019-08-30,0.0005834989642666536
2019-09-03,-0.006980918071982639
2019-09-04,0.010725816539124204
2019-09-05,0.012864095342540242
2019-09-06,0.0008491546851771734
2019-09-09,-0.0001581757152554175
2019-09-10,0.0002545787967015406
2019-09-11,0.007134828523472069
2019-09-12,0.0028046127803120578
2019-09-13,-0.0007993663779207634
2019-09-16,-0.0032128651713601948
2019-09-17,0.0025072422568627275
2019-09-18,0.0002718399583611154
2019-09-19,-5.042897599178253e-05
2019-09-20,-0.004976052888239623
2019-09-23,-0.00016461424705698844
2019-09-24,-0.008516540441582718
2019-09-25,0.006071621516497373
2019-09-26,-0.002498764331305345
2019-09-27,-0.005397037689505381
2019-09-30,0.00496879735456146
2019-10-01,-0.012399068826707545
2019-10-02,-0.01812839366842276
2019-10-03,0.007879659442393942
2019-10-04,0.014056921598711492
2019-10-07,-0.004549779142127498
2019-10-08,-0.015743804883582773
2019-10-09,0.009000697629467501
2019-10-10,0.006329479839167612
2019-10-11,0.010810345889647308
2019-10-15,0.008448739976223377
2019-10-16,-0.0020703883561088644
2019-10-17,0.0026897881856335383
2019-10-18,-0.003996279493941596
2019-10-21,0.006777320779427671
2019-10-22,-0.0036450628900141207
2019-10-23,0.0027734796187841066
2019-10-24,0.0018489809321247303
2019-10-25,0.003993636184749974
2019-10-28,0.005493078024511655
2019-10-29,-0.0009051042114849715
2019-10-30,0.0031780757692200278
2019-10-31,-0.0030939417449158944
2019-11-01,0.009547866834180983
2019-11-04,0.003626842307391169
2019-11-05,-0.0012595342017745017
2019-11-06,0.0006310674766903658
2019-11-07,0.0026509069671546257
2019-11-08,0.0024811562446245407
2019-11-12,-0.00047644038920015264
2019-11-13,0.0006373709981989747
2019-11-14,0.0007651197474484318
2019-11-15,0.007593676522968976
2019-11-18,0.0004318432072103787
2019-11-19,-0.0006631735976137845
2019-11-20,-0.003831320146407598
2019-11-21,-0.0016536298132361301
2019-11-22,0.0021029502153293144
2019-11-25,0.007410018103325458
2019-11-26,0.002124709861580991
2019-11-27,0.004096111898253122
2019-11-29,-0.0040892998616263365
2019-12-02,-0.008740446274104408
2019-12-03,-0.006727898887274623
2019-12-04,0.0062340338817233705
2019-12-05,0.0014283336007241952
2019-12-06,0.009021893775421808
2019-12-09,-0.003239796264615173
2019-12-10,-0.0011702780605901747
2019-12-11,0.0028335340314295117
2019-12-12,0.008463977874600345
2019-12-13,1.0062832063586162e-06
2019-12-16,0.007048060886994762
2019-12-17,0.00026093597291290037
2019-12-18,-0.0005078619176487819
2019-12-19,0.0043739105447382146
2019-12-20,0.004857127527208059
2019-12-23,0.0007899111063928358
2019-12-24,-0.0002701568034228534
2019-12-26,0.005040372909099278
2019-12-27,-3.992643225939041e-05
2019-12-30,-0.005872285580304617
2019-12-31,0.0028662223670646793
2020-01-02,0.008269984790399386
2020-01-03,-0.007155702690860628
2020-01-06,0.003455962078673306
2020-01-07,-0.002879137664735645
2020-01-08,0.004816952435586035
2020-01-09,0.006560472225300445
2020-01-10,-0.002931225067645706
2020-01-13,0.0068792521543272105
2020-01-14,-0.0015872537039040482
2020-01-15,0.0017980467457667042
2020-01-16,0.00826056430663276
2020-01-17,0.0037823709924809388
2020-01-21,-0.0027255140012226666
2020-01-22,0.00021941056963445228
2020-01-23,0.0010718724099990041
2020-01-24,-0.009150182747885942
2020-01-27,-0.015919132394580933
2020-01-28,0.009938441619057816
2020-01-29,-0.0009302396243635607
2020-01-30,0.003067639350991542
2020-01-31,-0.01792391630869727
2020-02-03,0.0071677804297597385
2020-02-04,0.014805935879769163
2020-02-05,0.011122446412819504
2020-02-06,0.0032552131757072247
2020-02-07,-0.0054780898948367735
2020-02-10,0.00723826325212723
2020-02-11,0.0016244498006236963
2020-02-12,0.006378082548943168
2020-02-13,-0.0016951563977255588
2020-02-14,0.001779237213106993
2020-02-18,-0.0029852501053473264
2020-02-19,0.004633321415838948
2020-02-20,-0.0038826810685453103
2020-02-21,-0.010631326876273954
2020-02-24,-0.03414246690875864
2020-02-25,-0.03080033426214741
2020-02-26,-0.0038381272103242157
2020-02-27,-0.04521939121442999
2020-02-28,-0.008317052918883187
2020-03-02,0.044967456308943624
2020-03-03,-0.0285507560778821
2020-03-04,0.041296078205665616
2020-03-05,-0.03454712346293654
2020-03-06,-0.017230200614010826
2020-03-09,-0.07903178386210298
2020-03-10,0.04818500772150864
2020-03-11,-0.05013529980331332
2020-03-12,-0.0999796202821107
2020-03-13,0.08877127958842633
2020-03-16,-0.1276810605044305
2020-03-17,0.05818604148072419
2020-03-18,-0.053268823613333016
2020-03-19,0.0046525635719468625
2020-03-20,-0.044363965076322225
2020-03-23,-0.02976154571392726
2020-03-24,0.08965003840553616
2020-03-25,0.011434222541185033
2020-03-26,0.0605110305011631
2020-03-27,-0.03429631460411836
2020-03-30,0.03293890956308422
2020-03-31,-0.01616999179530642
2020-04-01,-0.04517088995133882
2020-04-02,0.022547735477765327
2020-04-03,-0.015277388044496208
2020-04-06,0.06794174551485718
2020-04-07,-0.001633989900896987
2020-04-08,0.033458932674204446
2020-04-09,0.01435460727208625
2020-04-13,-0.010186104149027578
2020-04-14,0.030084514867957098
2020-04-15,-0.022301654251564287
2020-04-16,0.005775705020827527
2020-04-17,0.02641522183839316
2020-04-20,-0.018067767194542814
2020-04-21,-0.031178064620281967
2020-04-22,0.02264637900294171
2020-04-23,-0.000563700478909358
2020-04-24,0.013798352187166409
2020-04-27,0.01458036955176282
2020-04-28,-0.005280697409035552
2020-04-29,0.02621178246587803
2020-04-30,-0.009280459219705786
2020-05-01,-0.0284855269154269
2020-05-04,0.004215506678198453
2020-05-05,0.008973830771747569
2020-05-06,-0.007032349461534653
2020-05-07,0.011414034175695763
2020-05-08,0.016703508144831673
2020-05-11,0.00010420633517767524
2020-05-12,-0.020740652692442175
2020-05-13,-0.01764231252493099
2020-05-14,0.01143399622487645
2020-05-15,0.0038933593030720803
2020-05-18,0.030986345738460336
2020-05-19,-0.01056742871848986
2020-05-20,0.01648709781865767
2020-05-21,-0.007830861104711716
2020-05-22,0.002324841260780134
2020-05-26,0.012186998101065948
2020-05-27,0.014691554695556315
2020-05-28,-0.002137820331810125
2020-05-29,0.004775083369380535
2020-06-01,0.0037181120523321586
2020-06-02,0.008150414487640627
2020-06-03,0.013526232295483684
2020-06-04,-0.003406796078316814
2020-06-05,0.025838065026047137
2020-06-08,0.01193488852616881
2020-06-09,-0.007862937532149072
2020-06-10,-0.005356906587716605
2020-06-11,-0.06077879742232116
2020-06-12,0.012948211550957914
2020-06-15,0.008249785763921443
2020-06-16,0.018755202014176
2020-06-17,-0.003636053194254069
2020-06-18,0.0005659683495479399
2020-06-19,-0.005693194572564304
2020-06-22,0.0064460182424045664
2020-06-23,0.004269700128991724
2020-06-24,-0.02622255251605687
2020-06-25,0.01087293493346013
2020-06-26,-0.02455052017548211
2020-06-29,0.014553572212882632
2020-06-30,0.01526624500972333
2020-07-01,0.004982277055475993
2020-07-02,0.004504077682058884
2020-07-06,0.015729643911768718
2020-07-07,-0.010903188052570983
2020-07-08,0.007770487633457092
2020-07-09,-0.005684118694746532
2020-07-10,0.010386099591515588
2020-07-13,-0.009431961116709821
2020-07-14,0.013292379003708908
2020-07-15,0.0090157410357041
2020-07-16,-0.0034364424326671465
2020-07-17,0.002819246686932612
2020-07-20,0.008347270036588425
2020-07-21,0.0016534965158463064
2020-07-22,0.005706892214801054
2020-07-23,-0.0124197223136681
2020-07-24,-0.006232983925697386
2020-07-27,0.007343401602930464
2020-07-28,-0.006517779320067558
2020-07-29,0.012328833967791284
2020-07-30,-0.003779067359607906
2020-07-31,0.007619470646023215
2020-08-03,0.0071332024330336705
2020-08-04,0.0035848415710252233
2020-08-05,0.006387394839364867
2020-08-06,0.0063853604245117474
2020-08-07,0.00061027444270152
2020-08-10,0.002715121371970669
2020-08-11,-0.008026371302028245
2020-08-12,0.013872215373218963
2020-08-13,-0.0020773477304104984
2020-08-14,-0.00019997245053284663
2020-08-17,0.002678890587028884
2020-08-18,0.0022742417898436707
2020-08-19,-0.004441016139940049
2020-08-20,0.0031279445854187162
2020-08-21,0.0034098840823215183
2020-08-24,0.009967905181976091
2020-08-25,0.0035626128251455454
2020-08-26,0.010116714424446928
2020-08-27,0.001642389070184483
2020-08-28,0.006680745887945599
2020-08-31,-0.0022258442380006065
2020-09-01,0.007469938625947912
2020-09-02,0.015222945717837498
2020-09-03,-0.035782515721380345
2020-09-04,-0.008194749816767167
2020-09-08,-0.02817611600686136
2020-09-09,0.019916685607926567
2020-09-10,-0.017768138720153617
2020-09-11,0.000506431528114173
2020-09-14,0.01263444223026496
2020-09-15,0.005178893135741626
2020-09-16,-0.004656933812546406
2020-09-17,-0.008475236448947028
2020-09-18,-0.011273257954719082
2020-09-21,-0.01166545682205575
2020-09-22,0.010436123603618121
2020-09-23,-0.024034231709132162
2020-09-24,0.002956506924655874
2020-09-25,0.015824334798156262
2020-09-28,0.015955693223881223
2020-09-29,-0.004850387130476229
2020-09-30,0.00819255564798504
2020-10-01,0.005252056769537047
2020-10-02,-0.009651493873261438
2020-10-05,0.017782276712169344
2020-10-06,-0.014102109091873673
2020-10-07,0.01721515039294887
2020-10-08,0.007947380604137697
2020-10-09,0.008723869155440595
2020-10-13,0.009926381567536348
2020-10-14,-0.006674035115672496
2020-10-15,-0.0015581804758377335
2020-10-16,0.00010486575227998702
2020-10-19,-0.016495495805674266
2020-10-20,0.004684181942708434
2020-10-21,-0.00223091458465374
2020-10-22,0.005170979507147482
2020-10-23,0.003406250707642934
2020-10-26,-0.018796486362614707
2020-10-27,-0.0030614313757577937
2020-10-28,-0.03595676813389
2020-10-29,0.011842937327250896
2020-10-30,-0.012238481324897155
2020-11-02,0.012208576394247807
2020-11-03,0.01760718315482596
2020-11-04,0.021776693364360115
2020-11-05,0.019242039751389
2020-11-06,-0.0003205571584572825
2020-11-09,0.011594061203467915
2020-11-10,-0.0014394747900846436
2020-11-12,-0.0024406910637150424
2020-11-13,0.01348338548235672
2020-11-16,0.011544787127243928
2020-11-17,-0.0048378182809913906
2020-11-18,-0.011665978527118507
2020-11-19,0.0039046946166832242
2020-11-20,-0.006848537946002039
2020-11-23,0.005586127107800138
2020-11-24,0.01599769093439458
2020-11-25,-0.0016204426351465995
2020-11-27,0.0023609169134740423
2020-11-30,-0.0046393347493991
2020-12-01,0.011171799638637504
2020-12-02,0.001752044057291764
2020-12-03,-0.0006606931032496486
2020-12-04,0.008759157139678396
2020-12-07,-0.001974640799772875
2020-12-08,0.0027469301472150534
2020-12-09,-0.00801848541978423
2020-12-10,-0.0013222755507271422
2020-12-11,-0.0013013526134847075
2020-12-14,-0.004404342774398831
2020-12-15,0.012802140999263226
2020-12-16,0.0017348845973676446
2020-12-17,0.00570401544817366
2020-12-18,-0.003554817423461225
2020-12-21,-0.003951448958222005
2020-12-22,-0.002111978903130189
2020-12-23,0.0007076197289424518
2020-12-24,0.0034932226186773292
2020-12-28,0.008647580177601876
2020-12-29,-0.0022669921880883203
2020-12-30,0.0013039138837193866
2020-12-31,0.006381470500343964
2021-01-04,-0.014901496923385616
2021-01-05,0.0070197178404857894
2021-01-06,0.005652546667973522
2021-01-07,0.014695632740562884
2021-01-08,0.005432247584285259
2021-01-11,-0.00662170213100887
2021-01-12,0.0003703275161820118
2021-01-13,0.002229643926256527
2021-01-14,-0.0038058875831306536
2021-01-15,-0.007259805747148411
2021-01-19,0.008060045175292076
2021-01-20,0.013796004916041282
2021-01-21,0.0002724757628593585
2021-01-22,-0.003058565123407291
2021-01-25,0.003567868077058979
2021-01-26,-0.0015313925971119876
2021-01-27,-0.026054371840600922
2021-01-28,0.00967106401646484
2021-01-29,-0.01954418260366191
2021-02-01,0.01588128030143309
2021-02-02,0.013758331415856433
2021-02-03,0.0009628861009572281
2021-02-04,0.010749473129534422
2021-02-05,0.0038429761484242327
2021-02-08,0.007325164016949445
2021-02-09,-0.0011606967029739474
2021-02-10,-0.0003906190367791197
2021-02-11,0.0016153080058032903
2021-02-12,0.004652635327490886
2021-02-16,-0.0006206893775843009
2021-02-17,-0.0003713164588797054
2021-02-18,-0.004476477337206058
2021-02-19,-0.0019094405800287048
2021-02-22,-0.007816888938973629
2021-02-23,0.0012015335662637675
2021-02-24,0.01123328018266804
2021-02-25,-0.024844039755644694
2021-02-26,-0.00481826762991316
2021-03-01,0.02345504671663109
2021-03-02,-0.008169631614027735
2021-03-03,-0.013210244634098383
2021-03-04,-0.013568683395863314
2021-03-05,0.01924692947026321
2021-03-08,-0.0054362421094038505
2021-03-09,0.013994364624730957
2021-03-10,0.005951949265730101
2021-03-11,0.010281180169184763
2021-03-12,0.0009503318494996129
2021-03-15,0.00640716898315315
2021-03-16,-0.0016346875348558095
2021-03-17,0.0028110836138037685
2021-03-18,-0.014937843560588327
2021-03-19,-0.0006713394571142601
2021-03-22,0.0069340537879659485
2021-03-23,-0.007724279155689519
2021-03-24,-0.005546107156608728
2021-03-25,0.0051624223963738
2021-03-26,0.01642869608610158
2021-03-29,-0.0009364533518532685
2021-03-30,-0.0032308931351165597
2021-03-31,0.0035474998090606483
2021-04-01,0.011689327317297323
2021-04-05,0.01426692403677737
2021-04-06,-0.0010397275134119215
2021-04-07,0.0014080328374198804
2021-04-08,0.004147199462560537
2021-04-09,0.007624565563072283
2021-04-12,-0.00026260118511633795
2021-04-13,0.003224520399031331
2021-04-14,-0.00416065579876139
2021-04-15,0.0109716745326735
2021-04-16,0.003539724505139545
2021-04-19,-0.0053840699314948465
2021-04-20,-0.006887769256605611
2021-04-21,0.009201203340633717
2021-04-22,-0.009315155439773841
2021-04-23,0.010807201644003152
2021-04-26,0.001718476313054816
2021-04-27,-0.00027908001779972525
2021-04-28,-0.0009100586237515386
2021-04-29,0.00667509965540771
2021-04-30,-0.007285655298414527
2021-05-03,0.002680160613156676
2021-05-04,-0.00676411752758413
2021-05-05,0.0006406175617350948
2021-05-06,0.008070091247104247
2021-05-07,0.007283301938407422
2021-05-10,-0.010554641539493516
2021-05-11,-0.00877630161981278
2021-05-12,-0.021749285468679217
2021-05-13,0.012034312331940623
2021-05-14,0.01474361752726814
2021-05-17,-0.002597809661993153
2021-05-18,-0.008618323862063937
2021-05-19,-0.003013864672065344
2021-05-20,0.010435268298152929
2021-05-21,-0.0008483491116082999
2021-05-24,0.009799117443479177
2021-05-25,-0.0021889722692745766
2021-05-26,0.0018128492990826465
2021-05-27,0.0011012560521260957
2021-05-28,0.000706378201359529
2021-06-01,-0.0005562253148890636
2021-06-02,0.0013832901515218707
2021-06-03,-0.00369946409240481
2021-06-04,0.008733876514570344
2021-06-07,-0.0008588738486410255
2021-06-08,0.00011475504418311612
2021-06-09,-0.001884614386225805
2021-06-10,0.0045843282674004815
2021-06-11,0.0018886301935111375
2021-06-14,0.0017540836478018517
2021-06-15,-0.002073192691610198
2021-06-16,-0.005466521326246009
2021-06-17,-0.0004956741842204293
2021-06-18,-0.013268482196346588
2021-06-21,0.013846081716709735
2021-06-22,0.005053106582391446
2021-06-23,-0.0011429523142597066
2021-06-24,0.005735738730549292
2021-06-25,0.00326441783321472
2021-06-28,0.002253598045104149
2021-06-29,0.0002186069273202146
2021-06-30,0.0012701519138447618
2021-07-01,0.005149741635655579
2021-07-02,0.007415360558577289
2021-07-06,-0.002077898815284544
2021-07-07,0.0033009166668687487
2021-07-08,-0.008649135871725229
2021-07-09,0.011160829857151
2021-07-12,0.003390845207276145
2021-07-13,-0.0035789640556845585
2021-07-14,0.00111026052020656
2021-07-15,-0.003319220138450256
2021-07-16,-0.007619061582517561
2021-07-19,-0.01604372485932357
2021-07-20,0.015000294220583356
2021-07-21,0.00815678679997521
2021-07-22,0.0019645597197346333
2021-07-23,0.010043077524085581
2021-07-26,0.0023285038127668373
2021-07-27,-0.004772879096457992
2021-07-28,-0.00023596685279743493
2021-07-29,0.00414686052619417
2021-07-30,-0.005469617376867642
2021-08-02,-0.0018918412687320824
2021-08-03,0.00812301787957847
2021-08-04,-0.00469009412063505
2021-08-05,0.005938974206202569
2021-08-06,0.001622217972824538
2021-08-09,-0.0009927801517491206
2021-08-10,0.0009385823902730045
2021-08-11,0.0012217176747221594
2021-08-12,0.004084203171888214
2021-08-13,0.0015551532109600887
2021-08-16,0.0025677346407496303
2021-08-17,-0.00713543112838272
2021-08-18,-0.010856732334762672
2021-08-19,0.0012069994875504421
2021-08-20,0.008058916269497032
2021-08-23,0.008438372270132192
2021-08-24,0.0014437556919993167
2021-08-25,0.0021644443599575553
2021-08-26,-0.005894771311966436
2021-08-27,0.008717424964747873
2021-08-30,0.004246460996911845
2021-08-31,-0.001401281778062044
2021-09-01,0.00025999348524899683
2021-09-02,0.0027877426444415016
2021-09-03,-0.0003875171479755335
2021-09-07,-0.003455739940638251
2021-09-08,-0.0013726498571099903
2021-09-09,-0.004667502012171356
2021-09-10,-0.007805765329569425
2021-09-13,0.002221470459575458
2021-09-14,-0.005813685285337075
2021-09-15,0.00838664764637538
2021-09-16,-0.0016051661971276101
2021-09-17,-0.009206626321062067
2021-09-20,-0.017174724302086188
2021-09-21,-0.0008651185453411426
2021-09-22,0.009422546973643166
2021-09-23,0.012006118784079567
2021-09-24,0.001402034072067041
2021-09-27,-0.0028385437167868393
2021-09-28,-0.0206349630713669
2021-09-29,0.0015069182170841947
2021-09-30,-0.012041066585562683
2021-10-01,0.011367652316734997
2021-10-04,-0.013129642864011304
2021-10-05,0.01040887216712868
2021-10-06,0.004034144844366728
2021-10-07,0.008201830973537596
2021-10-08,-0.001978936640158352
2021-10-12,-0.00937174621627314
2021-10-13,0.0029565290017859406
2021-10-14,0.016859298645163785
2021-10-15,0.0073699217518116596
2021-10-18,0.0033064889164254045
2021-10-19,0.007301200902941053
2021-10-20,0.0035923917172659896
2021-10-21,0.0029252803076730885
2021-10-22,-0.0011384614708177892
2021-10-25,0.004672407962822271
2021-10-26,0.001753980395888623
2021-10-27,-0.005125015702578375
2021-10-28,0.009719470844964507
2021-10-29,0.0018864011125179435
2021-11-01,0.0017362506943745806
2021-11-02,0.0036121802519425692
2021-11-03,0.006377505132111311
2021-11-04,0.00411296783755894
2021-11-05,0.003668723536222015
2021-11-08,0.000827921323368201
2021-11-09,-0.0035624285698543042
2021-11-10,-0.008321269032307036
2021-11-12,0.007685277645591278
2021-11-15,-7.490091437249271e-05
2021-11-16,0.003793618020771146
2021-11-17,-0.0026680049636748078
2021-11-18,0.0033164658547934927
2021-11-19,-0.001460289936460942
2021-11-22,-0.0032664193533162157
2021-11-23,0.001590038810580208
2021-11-24,0.002226672298636042
2021-11-26,-0.02304531095592033
2021-11-29,0.013053972442276447
2021-11-30,-0.019199725312452995
2021-12-01,-0.011941885582558358
2021-12-02,0.014037903059943384
2021-12-03,-0.008537668185031974
2021-12-06,0.011606255185083706
2021-12-07,0.02043730338965338
2021-12-08,0.0030206719460380243
2021-12-09,-0.007265679047891257
2021-12-10,0.009445469321610559
2021-12-13,-0.009234111217312789
2021-12-14,-0.007555458190738054
2021-12-15,0.016158358612593654
2021-12-16,-0.008838598647226829
2021-12-17,-0.010396526169910082
2021-12-20,-0.011509742447859022
2021-12-21,0.01756345558859632
2021-12-22,0.010071210385673419
2021-12-23,0.006145330889641505
2021-12-27,0.0136857517770067
2021-12-28,-0.0010693562142549743
2021-12-29,0.001339877282658066
2021-12-30,-0.003054097482452091
2021-12-31,-0.002689498014022221
2022-01-03,0.006289663134032906
2022-01-04,-0.0006951524983567026
2022-01-05,-0.0196505477991416
2022-01-06,-0.0010322974656475185
2022-01-07,-0.004127674866478261
2022-01-10,-0.0015120841691761808
2022-01-11,0.009049442649484242
2022-01-12,0.0027453382313078326
2022-01-13,-0.014412922556092687
2022-01-14,0.0007496306379532823
2022-01-18,-0.018632626448063593
2022-01-19,-0.009808753521600998
2022-01-20,-0.011170704884471538
2022-01-21,-0.01916483912755056
2022-01-24,0.002699060955354385
2022-01-25,-0.01231660418850355
2022-01-26,-0.0015704988174917041
2022-01-27,-0.0054698183155701815
2022-01-28,0.023985954283099412
2022-01-31,0.018639422725063186
2022-02-01,0.0067683772327178085
2022-02-02,0.009308386816687171
2022-02-03,-0.024765044587128984
2022-02-04,0.005067820831957951
2022-02-07,-0.0037840492049545276
2022-02-08,0.00828908809552392
2022-02-09,0.014336595178773497
2022-02-10,-0.01836157330132237
2022-02-11,-0.019227150915212567
2022-02-14,-0.003925794444671641
2022-02-15,0.015563191045795274
2022-02-16,0.0008010709040174416
2022-02-17,-0.021477918686095547
2022-02-18,-0.007267429940992382
2022-02-22,-0.010270982335507304
2022-02-23,-0.01866192853955961
2022-02-24,0.014769079881613592
2022-02-25,0.022048666002106886
2022-02-28,-0.0025175540432669187
2022-03-01,-0.015662141415842528
2022-03-02,0.018397915290698345
2022-03-03,-0.005341652234199489
2022-03-04,-0.00803413832636114
2022-03-07,-0.030032600446053777
2022-03-08,-0.007333175465651934
2022-03-09,0.02529735122164983
2022-03-10,-0.004378853609290536
2022-03-11,-0.013124860787588065
2022-03-14,-0.007532699838515086
2022-03-15,0.021098216488924567
2022-03-16,0.022050954824440958
2022-03-17,0.012185849942583152
2022-03-18,0.01151078966890634
2022-03-21,-0.0005257666451050151
2022-03-22,0.011147361478513316
2022-03-23,-0.012439642043298763
2022-03-24,0.014150224911027331
2022-03-25,0.004956168515347239
2022-03-28,0.007023113351300644
2022-03-29,0.012087543394648015
2022-03-30,-0.006405764102736425
2022-03-31,-0.01586734701768532
2022-04-01,0.003310695304325591
2022-04-04,0.007963494357346692
2022-04-05,-0.012730693916733399
2022-04-06,-0.009866676800916335
2022-04-07,0.004140189476068748
2022-04-08,-0.002761041334098267
2022-04-11,-0.01713053254515938
2022-04-12,-0.0035297951889981076
2022-04-13,0.01100688132070185
2022-04-14,-0.012329222261496289
2022-04-18,-0.0003164028839575972
2022-04-19,0.015815445703551822
2022-04-20,-0.0007301800177336662
2022-04-21,-0.014976297840405958
2022-04-22,-0.02824551866646186
2022-04-25,0.0055717951498001584
2022-04-26,-0.02865843470498224
2022-04-27,0.001985493070046868
2022-04-28,0.024334141729281084
2022-04-29,-0.0370722164132641
2022-05-02,0.005542287745605827
2022-05-03,0.004709324211547743
2022-05-04,0.029310622511491004
2022-05-05,-0.03641990026786246
2022-05-06,-0.005812301765710074
2022-05-09,-0.03268074224336759
2022-05-10,0.002337970212196481
2022-05-11,-0.01671406000784029
2022-05-12,-0.0014079327576425888
2022-05-13,0.023474668911034613
2022-05-16,-0.0040668794482828455
2022-05-17,0.0198523933567408
2022-05-18,-0.04134686591981883
2022-05-19,-0.005961992540877957
2022-05-20,3.731920478398838e-05
2022-05-23,0.01827309599000251
2022-05-24,-0.008261990531548524
2022-05-25,0.00929873220691471
2022-05-26,0.01958051256570399
2022-05-27,0.024333862977365544
2022-05-31,-0.006405648805218035
2022-06-01,-0.007625889597649566
2022-06-02,0.01814901191782506
2022-06-03,-0.016598161075292373
2022-06-06,0.0030136518024012947
2022-06-07,0.009361805306997999
2022-06-08,-0.010971075508285816
2022-06-09,-0.02420529526979026
2022-06-10,-0.029665486452398245
2022-06-13,-0.03967376083687176
2022-06-14,-0.003916948212870547
2022-06-15,0.014357068502256017
2022-06-16,-0.033180276798564064
2022-06-17,0.00207153049239017
2022-06-21,0.02405325277466698
2022-06-22,-0.0014258764248219408
2022-06-23,0.009366309758889052
2022-06-24,0.029983237577758625
2022-06-27,-0.0031024946008937314
2022-06-28,-0.02047366786004796
2022-06-29,-0.0008331464591997704
2022-06-30,-0.008914392471089492
2022-07-01,0.010385840366078786
2022-07-05,0.0014725191512757647
2022-07-06,0.0034521966592313495
2022-07-07,0.01473604109796408
2022-07-08,-0.0009513791227948179
2022-07-11,-0.01171132920873832
2022-07-12,-0.009402623962969026
2022-07-13,-0.004580692023959176
2022-07-14,-0.003118894278239624
2022-07-15,0.018904632612798813
2022-07-18,-0.008514497951311253
2022-07-19,0.027135835560764508
2022-07-20,0.005759656336422436
2022-07-21,0.009699238777362174
2022-07-22,-0.009484713070198334
2022-07-25,0.001204332978994218
2022-07-26,-0.011720312593575009
2022-07-27,0.025711236891422747
2022-07-28,0.011955370704552297
2022-07-29,0.014003213181266327
2022-08-01,-0.00292893268280791
2022-08-02,-0.0067923418208878554
2022-08-03,0.0154105753127888
2022-08-04,-0.0008825915369442822
2022-08-05,-0.0017378108969072462
2022-08-08,-0.0013467428985053998
2022-08-09,-0.00436732823208909
2022-08-10,0.020958346573201177
2022-08-11,-0.0008180081172607351
2022-08-12,0.01706291918796252
2022-08-15,0.003852486095769912
2022-08-16,0.0017635668710301354
2022-08-17,-0.0073771714962179704
2022-08-18,0.002154318675824409
2022-08-19,-0.013100454937760709
2022-08-22,-0.021750818934625063
2022-08-23,-0.0023595931382008636
2022-08-24,0.0027903841846695586
2022-08-25,0.01387478936797655
2022-08-26,-0.03438741392167425
2022-08-29,-0.00681059254908211
2022-08-30,-0.011210949006171615
2022-08-31,-0.007970809849141796
2022-09-01,0.0028644511026575236
2022-09-02,-0.010919547281277446
2022-09-06,-0.004233455025173605
2022-09-07,0.018047163222934873
2022-09-08,0.006460512991432723
2022-09-09,0.015026024646932598
2022-09-12,0.010397125299105548
2022-09-13,-0.044332608194593046
2022-09-14,0.0032482276375399837
2022-09-15,-0.0115168682721315
2022-09-16,-0.007342645879645162
2022-09-19,0.0066975675513248544
2022-09-20,-0.011475311270777767
2022-09-21,-0.017401571084250663
2022-09-22,-0.008607468152864265
2022-09-23,-0.017526620404561315
2022-09-26,-0.010545417242687075
2022-09-27,-0.0022771038516572186
2022-09-28,0.019336204599079452
2022-09-29,-0.02149926448190741
2022-09-30,-0.015330497420523868
2022-10-03,0.02541155137479156
2022-10-04,0.029984229609662728
2022-10-05,-0.0021664572177480267
2022-10-06,-0.01044706878570977
2022-10-07,-0.028554634869154046
2022-10-11,-0.014214157457136138
2022-10-12,-0.0034484018480887696
2022-10-13,0.025479766410798643
2022-10-14,-0.024102758495136677
2022-10-17,0.025979123754558534
2022-10-18,0.011206748911940834
2022-10-19,-0.006855431278361604
2022-10-20,-0.008147471448403594
2022-10-21,0.023284117368319313
2022-10-24,0.011646774829354273
2022-10-25,0.015976318469712928
2022-10-26,-0.0075723041076897245
2022-10-27,-0.006255296258681271
2022-10-28,0.024171635967853024
2022-10-31,-0.007641778576498443
2022-11-01,-0.004267971512667246
2022-11-02,-0.025479295283644912
2022-11-03,-0.010803398570633827
2022-11-04,0.013364704261721625
2022-11-07,0.009404038411529864
2022-11-08,0.005421306790083092
2022-11-09,-0.02115699857793151
2022-11-10,0.0538037519965001
2022-11-14,7.131540744437876e-05
2022-11-15,0.008527377268860865
2022-11-16,-0.008429309268012367
2022-11-17,-0.0032409567300590286
2022-11-18,0.004598531979860624
2022-11-21,-0.004040395674590186
2022-11-22,0.013342136611018482
2022-11-23,0.005752709071049616
2022-11-25,-0.0004264931773448324
2022-11-28,-0.01570848843129535
2022-11-29,-0.0017392208965557848
2022-11-30,0.03033523460615259
2022-12-01,-0.0010056734795666296
2022-12-02,-0.0013322716495057759
2022-12-05,-0.01819659543985036
2022-12-06,-0.014640766408730372
2022-12-07,-0.0019975524160006485
2022-12-08,0.007357887702307297
2022-12-09,-0.007515915998390578
2022-12-12,0.014037578473159677
2022-12-13,0.007126326269712897
2022-12-14,-0.006207246797216876
2022-12-15,-0.025371690395776508
2022-12-16,-0.011335986657637616
2022-12-19,-0.009187525475281165
2022-12-20,0.000893009060660232
2022-12-21,0.01461513975391194
2022-12-22,-0.014700168654284263
2022-12-23,0.005704865076983657
2022-12-27,-0.00420737207818205
2022-12-28,-0.012244526795355178
2022-12-29,0.017161488440679752
2022-12-30,-0.0026950319985174056
2023-01-03,-0.0041561893105954584
2023-01-04,0.007366902924908379
2023-01-05,-0.011858426107145855
2023-01-06,0.022445405422945566
2023-01-09,-0.0009055909759506189
2023-01-10,0.00681326914410338
2023-01-11,0.012629524265763263
2023-01-12,0.0032762560652109013
2023-01-13,0.0038527619712751373
2023-01-17,-0.0021702190809563546
2023-01-18,-0.015816493162634764
2023-01-19,-0.007799965789155723
2023-01-20,0.01860592684072602
2023-01-23,0.011674035614961496
2023-01-24,-0.0008467360412254606
2023-01-25,-0.00031672125039930454
2023-01-26,0.01081157785573339
2023-01-27,0.002354453685336796
2023-01-30,-0.013191999481377987
2023-01-31,0.014399024080052468
2023-02-01,0.010265762409541435
2023-02-02,0.014459706943972485
2023-02-03,-0.010546256287245495
2023-02-06,-0.006300887944764797
2023-02-07,0.012647337881258467
2023-02-08,-0.011284067763236887
2023-02-09,-0.009012035987175994
2023-02-10,0.002047151015029973
2023-02-13,0.01123863036908224
2023-02-14,-0.0004273059413235074
2023-02-15,0.0026209561076121542
2023-02-16,-0.01403498147642161
2023-02-17,-0.00292000584058032
2023-02-21,-0.020398513450915867
2023-02-22,-0.0017277613968030617
2023-02-23,0.005164221910831155
2023-02-24,-0.010747194097218353
2023-02-27,0.0029157084666385767
2023-02-28,-0.0031932039038614127
2023-03-01,-0.004892483498639461
2023-03-02,0.0073949046509731225
2023-03-03,0.01586425627965057
2023-03-06,0.0005320562273900536
2023-03-07,-0.015600083376095038
2023-03-08,0.0012589195841450245
2023-03-09,-0.01878482385664203
2023-03-10,-0.01472814375847692
2023-03-13,-0.0016493320068240928
2023-03-14,0.016200510577800895
2023-03-15,-0.0071422609150979125
2023-03-16,0.017270762880399793
2023-03-17,-0.011212915161296997
2023-03-20,0.008743506423128282
2023-03-21,0.012758684764265771
2023-03-22,-0.016735995351468826
2023-03-23,0.002848173814500669
2023-03-24,0.005492053029621453
2023-03-27,0.0015079359138070424
2023-03-28,-0.0017135134544732115
2023-03-29,0.013997674240869437
2023-03-30,0.005560569033397327
2023-03-31,0.014197581070410616
2023-04-03,0.003558193718970994
2023-04-04,-0.005944598079050172
2023-04-05,-0.0026243197132226194
2023-04-06,0.0034439350767020505
2023-04-10,0.0008627455757053528
2023-04-11,-0.00017518217981534978
2023-04-12,-0.004276517764766117
2023-04-13,0.013040914393849561
2023-04-14,-0.002208797920945048
2023-04-17,0.0031603577737366133
2023-04-18,0.0007152751407371893
2023-04-19,-0.00022461135681776852
2023-04-20,-0.006108382114841543
2023-04-21,0.0007635847231235204
2023-04-24,0.0007139364419052533
2023-04-25,-0.016069861501458345
2023-04-26,-0.003982412350176705
2023-04-27,0.019239529752736316
2023-04-28,0.008085118819293028
2023-05-01,-0.0005261438028041179
2023-05-02,-0.011788119174522228
2023-05-03,-0.007154818109574725
2023-05-04,-0.00737643963995283
2023-05-05,0.01817195388792936
2023-05-08,0.00031474614851500625
2023-05-09,-0.004727602599019635
2023-05-10,0.004340113395082603
2023-05-11,-0.0018303587770500535
2023-05-12,-0.001719541266372689
2023-05-15,0.002817284082232283
2023-05-16,-0.006536154608447875
2023-05-17,0.01168149208789421
2023-05-18,0.009258462536371213
2023-05-19,-0.00159108820308572
2023-05-22,1.0083097729486021e-05
2023-05-23,-0.011429643090694577
2023-05-24,-0.007490834834875232
2023-05-25,0.008570310204697314
2023-05-26,0.012816681785832467
2023-05-30,-0.00012718850656476876
2023-05-31,-0.006269235843776868
2023-06-01,0.009665486259363459
2023-06-02,0.014286020752876872
2023-06-05,-0.0021493831278882503
2023-06-06,0.0022069559114402974
2023-06-07,-0.0039669107557424674
2023-06-08,0.0060242494509532285
2023-06-09,0.0010013138281191095
2023-06-12,0.00913265282518414
2023-06-13,0.006759042682386324
2023-06-14,0.0006699441058120158
2023-06-15,0.011959640911517092
2023-06-16,-0.0038252285535808343
2023-06-20,-0.004892058529423202
2023-06-21,-0.0054040259489981065
2023-06-22,0.0035559312415262044
2023-06-23,-0.007833992750689312
2023-06-26,-0.004641873945205077
2023-06-27,0.011243881438351014
2023-06-28,-0.0004986963590785175
2023-06-29,0.00431365793856131
2023-06-30,0.012045968836421264
2023-07-03,0.0010197008211336358
2023-07-05,-0.0021239875750568857
2023-07-06,-0.00811160628244854
2023-07-07,-0.0030271392634877124
2023-07-10,0.002246119315479683
2023-07-11,0.006564327828873723
2023-07-12,0.007233612963849673
2023-07-13,0.008288013330817202
2023-07-14,-0.0011740780712220522
2023-07-17,0.003699588148955879
2023-07-18,0.006944067795620017
2023-07-19,0.0022090476323022245
2023-07-20,-0.006929737572186382
2023-07-21,0.00017451397109051773
2023-07-24,0.003875746225334846
2023-07-25,0.0026585173779162287
2023-07-26,-0.00030574325021592445
2023-07-27,-0.006601412350343705
2023-07-28,0.00967526460493703
2023-07-31,0.001313142539736301
2023-08-01,-0.0028261904142364894
2023-08-02,-0.014094889718559035
2023-08-03,-0.002714487130177143
2023-08-04,-0.005471714480491749
2023-08-07,0.00882454863335147
2023-08-08,-0.00438360590306218
2023-08-09,-0.007219256852653375
2023-08-10,9.161218957576175e-05
2023-08-11,-0.0012320029645952319
2023-08-14,0.005571124048323809
2023-08-15,-0.011781781888224438
2023-08-16,-0.007750388947692819
2023-08-17,-0.00790987953633319
2023-08-18,-0.0003142638893217603
2023-08-21,0.0066870451312039305
2023-08-22,-0.0029499207751415386
2023-08-23,0.010821449879696117
2023-08-24,-0.013713757991004596
2023-08-25,0.006530335684537937
2023-08-28,0.006081816914310845
2023-08-29,0.014243854846428436
2023-08-30,0.003665640315564876
2023-08-31,-0.001757283305844959
2023-09-01,0.0016350128197687229
2023-09-05,-0.0043689244198471195
2023-09-06,-0.007163082650236369
2023-09-07,-0.003382359714198881
2023-09-08,0.001260060056892502
2023-09-11,0.006534263822956826
2023-09-12,-0.005878095621469911
2023-09-13,0.001075696741777384
2023-09-14,0.008227897858487558
2023-09-15,-0.012402355233334352
2023-09-18,0.0005531986775475371
2023-09-19,-0.002323057884723083
2023-09-20,-0.009608174236192304
2023-09-21,-0.016711208743321132
2023-09-22,-0.002470628505311689
2023-09-25,0.003838425791558398
2023-09-26,-0.015021113431978733
2023-09-27,5.044267956630762e-05
2023-09-28,0.005697790798643216
2023-09-29,-0.0028913459926467973
2023-10-02,-0.00010251423012943594
2023-10-03,-0.014025820471361876
2023-10-04,0.007893653068952108
2023-10-05,-0.0014878967645092223
2023-10-06,0.01156035349081833
2023-10-10,0.01129780289018248
2023-10-11,0.004106112584333592
2023-10-12,-0.006448282606878727
2023-10-13,-0.005211099356270942
2023-10-16,0.010356005642624592
2023-10-17,-0.00028543164323896323
2023-10-18,-0.013680617194625322
2023-10-19,-0.008711888160740764
2023-10-20,-0.012856114573861186
2023-10-23,-0.0018753092922456135
2023-10-24,0.0070523417558336216
2023-10-25,-0.01463515632501008
2023-10-26,-0.012091398432395567
2023-10-27,-0.004999398866188664
2023-10-30,0.01174940027859007
2023-10-31,0.006265010799992398
2023-11-01,0.01026628512758559
2023-11-02,0.018501818466313852
2023-11-03,0.009172556093668896
2023-11-06,0.001570337256327963
2023-11-07,0.0026583864859504726
2023-11-08,0.0008301206075868389
2023-11-09,-0.00829591511158606
2023-11-10,0.015316914178043773
2023-11-13,-0.0010157921374211345
2023-11-14,0.01872297937202631
2023-11-15,0.0014199289794482705
2023-11-16,0.001016948356973717
2023-11-17,0.0011088368346270478
2023-11-20,0.007191472674770574
2023-11-21,-0.002194227004432284
2023-11-22,0.0038812739752882653
2023-11-24,0.0004231648046397735
2023-11-27,-0.0021265601876607225
2023-11-28,0.0008110487994544371
2023-11-29,-0.0011126232135678523
2023-11-30,0.0036072007418046486
2023-12-01,0.005692535686017362
2023-12-04,-0.005589495218895234
2023-12-05,-0.0007315315396846208
2023-12-06,-0.0040740658105718145
2023-12-07,0.0077756346461446925
2023-12-08,0.003922730139507208
2023-12-11,0.0037524095407849064
2023-12-12,0.004425551115806784
2023-12-13,0.013401181466319972
2023-12-14,0.0024909811122407312
2023-12-15,-0.00022845459837107058
2023-12-18,0.004364392785956346
2023-12-19,0.005696301539659226
2023-12-20,-0.014943440236845634
2023-12-21,0.010097330969595888
2023-12-22,0.0015068618665821456
2023-12-26,0.004071322709302572
2023-12-27,0.001281818787101148
2023-12-28,0.00022057806680454494
2023-12-29,-0.002981533389140408
2024-01-02,-0.005830390277167331
2024-01-03,-0.008200820525120124
2024-01-04,-0.0035895278326985797
2024-01-05,0.0016664765328802025
2024-01-08,0.013859926141206513
2024-01-09,-0.0016353946553208979
2024-01-10,0.005492816941796073
2024-01-11,-0.0008261553884194123
2024-01-12,0.0005965825475371412
2024-01-16,-0.003896626844665075
2024-01-17,-0.005792182817269852
2024-01-18,0.008605744687565918
2024-01-19,0.012076951162235457
2024-01-22,0.0020320884630310103
2024-01-23,0.002756139302087257
2024-01-24,0.0006490990304670472
2024-01-25,0.005085602096300751
2024-01-26,-0.0008133548257394192
2024-01-29,0.007369676425023353
2024-01-30,-0.0007587568647328466
2024-01-31,-0.016392107910114834
2024-02-01,0.012265611783686178
2024-02-02,0.010470988448447753
2024-02-05,-0.003353543733126297
2024-02-06,0.002148675600243006
2024-02-07,0.008048612262503526
2024-02-08,0.00040906346977754064
2024-02-09,0.005563798104953189
2024-02-12,-0.0011115231664947675
2024-02-13,-0.013936058025796986
2024-02-14,0.009368241705750893
2024-02-15,0.005639587964403142
2024-02-16,-0.004982111734765151
2024-02-20,-0.006189353064283164
2024-02-21,0.0010955724784756167
2024-02-22,0.020734679275563
2024-02-23,0.0001823410211376256
2024-02-26,-0.0039602463997367755
2024-02-27,0.0015374469327694232
2024-02-28,-0.001825457919578158
2024-02-29,0.005050305080042745
2024-03-01,0.007813055602292734
2024-03-04,-0.001357997842792286
2024-03-05,-0.010406001246369236
2024-03-06,0.004968100128800969
2024-03-07,0.010092331953478525
2024-03-08,-0.006708993323555439
2024-03-11,-0.0012823198141901314
2024-03-12,0.010977774521302266
2024-03-13,-0.0020892648332172144
2024-03-14,-0.003041908726673879
2024-03-15,-0.006671471465689206
2024-03-18,0.006129594509884601
2024-03-19,0.005466184885539012
2024-03-20,0.00869883891789427
2024-03-21,0.003065382496062974
2024-03-22,-0.0015671951021559872
2024-03-25,-0.00322480575778915
2024-03-26,-0.002968506692442624
2024-03-27,0.008430333902820426
2024-03-28,0.0009526010208759893
2024-04-01,-0.0021838239177981475
2024-04-02,-0.007434738498436063
2024-04-03,0.0009211772285742615
2024-04-04,-0.012578484225213791
2024-04-05,0.010867559264937194
2024-04-08,-0.0005463323090666361
2024-04-09,0.0012750991788708843
2024-04-10,-0.009678550244460812
2024-04-11,0.007240274033628646
2024-04-12,-0.014832257982473831
2024-04-15,-0.012273799483510246
2024-04-16,-0.0022397449952766195
2024-04-17,-0.005975461420361667
2024-04-18,-0.0023905846438218013
2024-04-19,-0.00897635406657433
2024-04-22,0.008514126744321724
2024-04-23,0.011714721474993604
2024-04-24,3.262522355227635e-05
2024-04-25,-0.004769191936343218
2024-04-26,0.00997626086455272
2024-04-29,0.0029938043805883443
2024-04-30,-0.016037429755210553
2024-05-01,-0.0036209571816827367
2024-05-02,0.008909317809323374
2024-05-03,0.01230388747928271
2024-05-06,0.010098883266414794
2024-05-07,0.0011689974238203544
2024-05-08,-0.00017974626828878013
2024-05-09,0.004905261599366697
2024-05-10,0.0014733698999414334
2024-05-13,-0.00041524380696056346
2024-05-14,0.004653377487714027
2024-05-15,0.011478477492535985
2024-05-16,-0.002253948189275252
2024-05-17,0.000992464568868692
2024-05-20,0.0007435792059402271
2024-05-21,0.0023274986942182926
2024-05-22,-0.0028818023383337583
2024-05-23,-0.007581693088477191
2024-05-24,0.006803498136117461
2024-05-28,7.258206840700856e-05
2024-05-29,-0.00757316230847102
2024-05-30,-0.006169525948002405
2024-05-31,0.007820774332649846
2024-06-03,0.0009442091508609231
2024-06-04,0.0013334716129423305
2024-06-05,0.01161132817477859
2024-06-06,-0.00036614375670514373
2024-06-07,-0.0012878531792606769
2024-06-10,0.0024039991732357135
2024-06-11,0.0025362239844471586
2024-06-12,0.008300271635935797
2024-06-13,0.0021771267274798218
2024-06-14,-0.00055719996088311
2024-06-17,0.007468857217252226
2024-06-18,0.002354130913687842
2024-06-20,-0.0026942927711687604
2024-06-21,-0.0017285170945824696
2024-06-24,-0.0032350445316236625
2024-06-25,0.0037614696721847583
2024-06-26,0.001403367208092471
2024-06-27,0.0007402221816203824
2024-06-28,-0.004261363757133236
2024-07-01,0.0024980803483341685
2024-07-02,0.006004194642203439
2024-07-03,0.004902211974770027
2024-07-05,0.0052676672059012485
2024-07-08,0.0008498753213361409
2024-07-09,0.0005737293192613667
2024-07-10,0.009990007723037594
2024-07-11,-0.00896491164915234
2024-07-12,0.005339364079215302
2024-07-15,0.0026578124163560988
2024-07-16,0.006206930947610948
2024-07-17,-0.014187179589011289
2024-07-18,-0.008010373825235688
2024-07-19,-0.0073310446021633046
2024-07-22,0.010568671240855736
2024-07-23,-0.0017244830697034103
2024-07-24,-0.02358754937796115
2024-07-25,-0.005321815618183174
2024-07-26,0.010866158729685308
2024-07-29,0.0006508605479861258
2024-07-30,-0.005133871431680676
2024-07-31,0.015510910370412665
2024-08-01,-0.013943379961371316
2024-08-02,-0.01870090575436159
2024-08-05,-0.030574275868391124
2024-08-06,0.010149029207420585
2024-08-07,-0.007918826594266307
2024-08-08,0.02262588342151773
2024-08-09,0.00450745072171422
2024-08-12,-0.00010878723445883254
2024-08-13,0.016557323243121296
2024-08-14,0.0036672906868838416
2024-08-15,0.01585190585839043
2024-08-16,0.001836364030720164
2024-08-19,0.00952503516463777
2024-08-20,-0.0021352909059072947
2024-08-21,0.0040830978916849454
2024-08-22,-0.009123234528197225
2024-08-23,0.011269555976199896
2024-08-26,-0.0033074738379034003
2024-08-27,0.0014447792384086353
2024-08-28,-0.006143428838257785
2024-08-29,-0.0001900541738001919
2024-08-30,0.009890254881221692
2024-09-03,-0.02152749141592027
2024-09-04,-0.0017506811132107084
2024-09-05,-0.0031679031712442177
2024-09-06,-0.01755588408949731
2024-09-09,0.011369360113407974
2024-09-10,0.0043204394504376
2024-09-11,0.010466295122487397
2024-09-12,0.007323943241660316
2024-09-13,0.005250498874143856
2024-09-16,0.001114346116484751
2024-09-17,0.00012225456654050955
2024-09-18,-0.00304483303072357
2024-09-19,0.016689034736155108
2024-09-20,-0.0020882357865857556
2024-09-23,0.002659247230781708
2024-09-24,0.0023623264091581905
2024-09-25,-0.0020106000355339785
2024-09-26,0.0038829253288773713
2024-09-27,-0.0014000900950035381
2024-09-30,0.004079222232976974
2024-10-01,-0.0095135533886416
2024-10-02,-9.23550233537313e-06
2024-10-03,-0.0018327388303873795
2024-10-04,0.008775381147728134
2024-10-07,-0.00978904610357414
2024-10-08,0.009485543095994546
2024-10-09,0.0069303045492403546
2024-10-10,-0.002231338837487586
2024-10-11,0.005874919627075869
2024-10-15,-0.00011723373710454509
2024-10-16,0.004511831979776452
2024-10-17,-0.00033024546004326786
2024-10-18,0.0038049978625515363
2024-10-21,-0.001987313587514275
2024-10-22,-0.0006382283470814096
2024-10-23,-0.009398608977316461
2024-10-24,0.001979830638428873
2024-10-25,-0.0004646573889434909
2024-10-28,0.002481627471664653
2024-10-29,0.001446518789832928
2024-10-30,-0.0034723793476668092
2024-10-31,-0.01895644208381364
2024-11-01,0.0039144274813355025
2024-11-04,-0.002983493419141832
2024-11-05,0.012025485024198524
2024-11-06,0.024809649838161595
2024-11-07,0.007236305568044116
2024-11-08,0.003582725876913938
2024-11-12,-0.0021002684149610948
2024-11-13,5.9809661589244485e-05
2024-11-14,-0.006240119711225611
2024-11-15,-0.013463441995775378
2024-11-18,0.0037385286271814783
2024-11-19,0.003785259649834123
2024-11-20,-0.00014930045133887138
2024-11-21,0.005154240715306881
2024-11-22,0.0032907085188621493
2024-11-25,0.0028500012216586272
2024-11-26,0.005538628996459758
2024-11-27,-0.003973646459334932
2024-11-29,0.005429620451051805
2024-12-02,0.0022825830494861313
2024-12-03,0.0002869432350255958
2024-12-04,0.005870300797040878
2024-12-05,-0.00203364486322466
2024-12-06,0.002330988297225258
2024-12-09,-0.006326428965113078
2024-12-10,-0.0031323075821085267
2024-12-11,0.007967080406003678
2024-12-12,-0.005596560478091233
2024-12-13,-0.00019733797929428275
2024-12-16,0.0036216641380220657
2024-12-17,-0.004042350470577904
2024-12-18,-0.030111175484743475
2024-12-19,-0.0010428142014193573
2024-12-20,0.010635049820396028
2024-12-23,0.00708276324125889
2024-12-24,0.010804146820769342
2024-12-26,-0.0005834480040193003
2024-12-27,-0.011296529377429566
2024-12-30,-0.010936242353977948
2024-12-31,-0.004471713374743788
2025-01-02,-0.002403690600331556
2025-01-03,0.012338890971148585
2025-01-06,0.005343542084300815
2025-01-07,-0.011347141984409633
2025-01-08,0.001378023626058619
2025-01-10,-0.015716547512839654
2025-01-13,0.0013885370705203598
2025-01-14,0.0009603347310214808
2025-01-15,0.017966391175326016
2025-01-16,-0.002293769433595246
2025-01-17,0.009762633215665548
2025-01-21,0.008552681989713486
2025-01-22,0.005940715350316625
2025-01-23,0.005119057305148747
2025-01-24,-0.003038819680518809
2025-01-27,-0.014863868260511235
2025-01-28,0.008999075765468581
2025-01-29,-0.004866444469167821
2025-01-30,0.005086118570178966
2025-01-31,-0.005237310906028676
2025-02-03,-0.00781387956797411
2025-02-04,0.007023477821027842
2025-02-05,0.003729042786632003
2025-02-06,0.0034649033155262528
2025-02-07,-0.009684136118493248
2025-02-10,0.006515062396176121
2025-02-11,0.00016333630519494842
2025-02-12,-0.002906807602164931
2025-02-13,0.010196883632234475
2025-02-14,-0.0002454772005797542
2025-02-18,0.0022654352433035896
2025-02-19,0.0021983396384253374
2025-02-20,-0.004518275064515554
2025-02-21,-0.01738302779156419
2025-02-24,-0.0051523645561747594
2025-02-25,-0.004857783297199665
2025-02-26,-2.9150346173754325e-05
2025-02-27,-0.016158430353703342
2025-02-28,0.015564995711026488
2025-03-03,-0.017915140713674612
2025-03-04,-0.012474311499334752
