,rf_daily
2015-03-05,8.285903801331401e-05
2015-03-06,8.790795492513206e-05
2015-03-09,8.635512611711393e-05
2015-03-10,8.402474298177209e-05
2015-03-11,8.285903801331401e-05
2015-03-12,8.247039358146195e-05
2015-03-13,8.36362127060171e-05
2015-03-16,8.247039358146195e-05
2015-03-17,8.091543511005548e-05
2015-03-18,7.585760790567517e-05
2015-03-19,7.780368904332679e-05
2015-03-20,7.585760790567517e-05
2015-03-23,7.546827712603949e-05
2015-03-24,7.391057191732071e-05
2015-03-25,7.585760790567517e-05
2015-03-26,7.89708797870483e-05
2015-03-27,7.663615489036859e-05
2015-03-30,7.702537111041027e-05
2015-03-31,7.624690049128718e-05
2015-04-01,7.35210500550935e-05
2015-04-02,7.546827712603949e-05
2015-04-06,7.546827712603949e-05
2015-04-07,7.430005554802583e-05
2015-04-08,7.546827712603949e-05
2015-04-09,7.741454915890085e-05
2015-04-10,7.702537111041027e-05
2015-04-13,7.624690049128718e-05
2015-04-14,7.468950095471296e-05
2015-04-15,7.5078908144884e-05
2015-04-16,7.468950095471296e-05
2015-04-17,7.35210500550935e-05
2015-04-20,7.468950095471296e-05
2015-04-21,7.546827712603949e-05
2015-04-22,7.819279077117234e-05
2015-04-23,7.702537111041027e-05
2015-04-24,7.585760790567517e-05
2015-04-27,7.624690049128718e-05
2015-04-28,7.858185434991956e-05
2015-04-29,8.091543511005548e-05
2015-04-30,8.052660026889838e-05
2015-05-01,8.32476443856818e-05
2015-05-04,8.48016894293355e-05
2015-05-05,8.596682395248554e-05
2015-05-06,8.829606720166557e-05
2015-05-07,8.557848378793883e-05
2015-05-08,8.48016894293355e-05
2015-05-11,8.946017632894617e-05
2015-05-12,8.946017632894617e-05
2015-05-13,8.907217789615078e-05
2015-05-14,8.751980468583854e-05
2015-05-15,8.402474298177209e-05
2015-05-18,8.751980468583854e-05
2015-05-19,8.907217789615078e-05
2015-05-20,8.868414152286415e-05
2015-05-21,8.596682395248554e-05
2015-05-22,8.674339028926004e-05
2015-05-26,8.402474298177209e-05
2015-05-27,8.402474298177209e-05
2015-05-28,8.36362127060171e-05
2015-05-29,8.32476443856818e-05
2015-06-01,8.596682395248554e-05
2015-06-02,8.907217789615078e-05
2015-06-03,9.333807556089629e-05
2015-06-04,9.062394405856003e-05
2015-06-05,9.450070674307494e-05
2015-06-08,9.372565713743662e-05
2015-06-09,9.488817478695587e-05
2015-06-10,9.798655789829926e-05
2015-06-11,9.372565713743662e-05
2015-06-12,9.372565713743662e-05
2015-06-15,9.256279882339983e-05
2015-06-16,9.101179080355552e-05
2015-06-17,9.101179080355552e-05
2015-06-18,9.217510364764779e-05
2015-06-19,8.868414152286415e-05
2015-06-22,9.295045612534964e-05
2015-06-23,9.488817478695587e-05
2015-06-24,9.333807556089629e-05
2015-06-25,9.411320086236534e-05
2015-06-26,9.75993922832545e-05
2015-06-29,9.13995996451301e-05
2015-06-30,9.217510364764779e-05
2015-07-01,9.527560500139624e-05
2015-07-02,9.411320086236534e-05
2015-07-06,9.023605940273548e-05
2015-07-07,8.907217789615078e-05
2015-07-08,8.713161647635769e-05
2015-07-09,9.101179080355552e-05
2015-07-10,9.488817478695587e-05
2015-07-13,9.566299739378216e-05
2015-07-14,9.450070674307494e-05
2015-07-15,9.256279882339983e-05
2015-07-16,9.256279882339983e-05
2015-07-17,9.178737059069232e-05
2015-07-20,9.333807556089629e-05
2015-07-21,9.217510364764779e-05
2015-07-22,9.13995996451301e-05
2015-07-23,8.946017632894617e-05
2015-07-24,8.907217789615078e-05
2015-07-27,8.751980468583854e-05
2015-07-28,8.868414152286415e-05
2015-07-29,8.984813682866894e-05
2015-07-30,8.946017632894617e-05
2015-07-31,8.635512611711393e-05
2015-08-03,8.48016894293355e-05
2015-08-04,8.751980468583854e-05
2015-08-05,8.946017632894617e-05
2015-08-06,8.751980468583854e-05
2015-08-07,8.557848378793883e-05
2015-08-10,8.790795492513206e-05
2015-08-11,8.441323522039592e-05
2015-08-12,8.402474298177209e-05
2015-08-13,8.596682395248554e-05
2015-08-14,8.635512611711393e-05
2015-08-17,8.48016894293355e-05
2015-08-18,8.635512611711393e-05
2015-08-19,8.32476443856818e-05
2015-08-20,8.208171108266905e-05
2015-08-21,8.052660026889838e-05
2015-08-24,7.89708797870483e-05
2015-08-25,8.32476443856818e-05
2015-08-26,8.557848378793883e-05
2015-08-27,8.557848378793883e-05
2015-08-28,8.596682395248554e-05
2015-08-31,8.674339028926004e-05
2015-09-01,8.519010561603561e-05
2015-09-02,8.635512611711393e-05
2015-09-03,8.557848378793883e-05
2015-09-04,8.36362127060171e-05
2015-09-08,8.635512611711393e-05
2015-09-09,8.674339028926004e-05
2015-09-10,8.751980468583854e-05
2015-09-11,8.635512611711393e-05
2015-09-14,8.557848378793883e-05
2015-09-15,8.946017632894617e-05
2015-09-16,9.023605940273548e-05
2015-09-17,8.674339028926004e-05
2015-09-18,8.36362127060171e-05
2015-09-21,8.635512611711393e-05
2015-09-22,8.402474298177209e-05
2015-09-23,8.48016894293355e-05
2015-09-24,8.36362127060171e-05
2015-09-25,8.519010561603561e-05
2015-09-28,8.247039358146195e-05
2015-09-29,8.052660026889838e-05
2015-09-30,8.091543511005548e-05
2015-10-01,8.052660026889838e-05
2015-10-02,7.819279077117234e-05
2015-10-05,8.1304231854427e-05
2015-10-06,8.052660026889838e-05
2015-10-07,8.169299050947743e-05
2015-10-08,8.32476443856818e-05
2015-10-09,8.32476443856818e-05
2015-10-13,8.091543511005548e-05
2015-10-14,7.819279077117234e-05
2015-10-15,8.01377273234891e-05
2015-10-16,8.01377273234891e-05
2015-10-19,8.01377273234891e-05
2015-10-20,8.169299050947743e-05
2015-10-21,8.01377273234891e-05
2015-10-22,8.01377273234891e-05
2015-10-23,8.208171108266905e-05
2015-10-26,8.1304231854427e-05
2015-10-27,8.052660026889838e-05
2015-10-28,8.247039358146195e-05
2015-10-29,8.596682395248554e-05
2015-10-30,8.48016894293355e-05
2015-11-02,8.635512611711393e-05
2015-11-03,8.751980468583854e-05
2015-11-04,8.829606720166557e-05
2015-11-05,8.868414152286415e-05
2015-11-06,9.178737059069232e-05
2015-11-09,9.256279882339983e-05
2015-11-10,9.101179080355552e-05
2015-11-12,9.101179080355552e-05
2015-11-13,8.946017632894617e-05
2015-11-16,8.907217789615078e-05
2015-11-17,8.829606720166557e-05
2015-11-18,8.907217789615078e-05
2015-11-19,8.790795492513206e-05
2015-11-20,8.868414152286415e-05
2015-11-23,8.829606720166557e-05
2015-11-24,8.790795492513206e-05
2015-11-25,8.751980468583854e-05
2015-11-27,8.713161647635769e-05
2015-11-30,8.674339028926004e-05
2015-12-01,8.441323522039592e-05
2015-12-02,8.557848378793883e-05
2015-12-03,9.13995996451301e-05
2015-12-04,8.946017632894617e-05
2015-12-07,8.751980468583854e-05
2015-12-08,8.790795492513206e-05
2015-12-09,8.713161647635769e-05
2015-12-10,8.790795492513206e-05
2015-12-11,8.36362127060171e-05
2015-12-14,8.751980468583854e-05
2015-12-15,8.946017632894617e-05
2015-12-16,9.023605940273548e-05
2015-12-17,8.790795492513206e-05
2015-12-18,8.596682395248554e-05
2015-12-21,8.635512611711393e-05
2015-12-22,8.790795492513206e-05
2015-12-23,8.907217789615078e-05
2015-12-24,8.829606720166557e-05
2015-12-28,8.790795492513206e-05
2015-12-29,9.101179080355552e-05
2015-12-30,9.062394405856003e-05
2015-12-31,8.907217789615078e-05
2016-01-04,8.790795492513206e-05
2016-01-05,8.829606720166557e-05
2016-01-06,8.557848378793883e-05
2016-01-07,8.48016894293355e-05
2016-01-08,8.36362127060171e-05
2016-01-11,8.519010561603561e-05
2016-01-12,8.32476443856818e-05
2016-01-13,8.169299050947743e-05
2016-01-14,8.247039358146195e-05
2016-01-15,7.974881626635871e-05
2016-01-19,8.091543511005548e-05
2016-01-20,7.89708797870483e-05
2016-01-21,7.93598670900362e-05
2016-01-22,8.1304231854427e-05
2016-01-25,7.974881626635871e-05
2016-01-26,7.89708797870483e-05
2016-01-27,7.93598670900362e-05
2016-01-28,7.858185434991956e-05
2016-01-29,7.624690049128718e-05
2016-02-01,7.741454915890085e-05
2016-02-02,7.35210500550935e-05
2016-02-03,7.391057191732071e-05
2016-02-04,7.35210500550935e-05
2016-02-05,7.313148995383787e-05
2016-02-08,6.884380291513124e-05
2016-02-09,6.845378335923679e-05
2016-02-10,6.728349464052925e-05
2016-02-11,6.416103635549083e-05
2016-02-12,6.845378335923679e-05
2016-02-16,7.001363163728286e-05
2016-02-17,7.118311559925793e-05
2016-02-18,6.884380291513124e-05
2016-02-19,6.923378414174883e-05
2016-02-22,6.962372704662247e-05
2016-02-23,6.845378335923679e-05
2016-02-24,6.884380291513124e-05
2016-02-25,6.728349464052925e-05
2016-02-26,6.923378414174883e-05
2016-02-29,6.845378335923679e-05
2016-03-01,7.196258014080428e-05
2016-03-02,7.235225500420509e-05
2016-03-03,7.196258014080428e-05
2016-03-04,7.391057191732071e-05
2016-03-07,7.5078908144884e-05
2016-03-08,7.196258014080428e-05
2016-03-09,7.468950095471296e-05
2016-03-10,7.585760790567517e-05
2016-03-11,7.780368904332679e-05
2016-03-14,7.741454915890085e-05
2016-03-15,7.741454915890085e-05
2016-03-16,7.624690049128718e-05
2016-03-17,7.5078908144884e-05
2016-03-18,7.391057191732071e-05
2016-03-21,7.546827712603949e-05
2016-03-22,7.624690049128718e-05
2016-03-23,7.391057191732071e-05
2016-03-24,7.5078908144884e-05
2016-03-28,7.430005554802583e-05
2016-03-29,7.118311559925793e-05
2016-03-30,7.196258014080428e-05
2016-03-31,7.001363163728286e-05
2016-04-01,7.040349792125843e-05
2016-04-04,7.001363163728286e-05
2016-04-05,6.80637254665304e-05
2016-04-06,6.923378414174883e-05
2016-04-07,6.689332169215399e-05
2016-04-08,6.767362922947469e-05
2016-04-11,6.80637254665304e-05
2016-04-12,7.040349792125843e-05
2016-04-13,6.962372704662247e-05
2016-04-14,7.079332590607545e-05
2016-04-15,6.923378414174883e-05
2016-04-18,7.001363163728286e-05
2016-04-19,7.040349792125843e-05
2016-04-20,7.274189160604532e-05
2016-04-21,7.391057191732071e-05
2016-04-22,7.430005554802583e-05
2016-04-25,7.5078908144884e-05
2016-04-26,7.624690049128718e-05
2016-04-27,7.35210500550935e-05
2016-04-28,7.235225500420509e-05
2016-04-29,7.196258014080428e-05
2016-05-02,7.391057191732071e-05
2016-05-03,7.118311559925793e-05
2016-05-04,7.040349792125843e-05
2016-05-05,6.923378414174883e-05
2016-05-06,7.040349792125843e-05
2016-05-09,6.962372704662247e-05
2016-05-10,6.962372704662247e-05
2016-05-11,6.80637254665304e-05
2016-05-12,6.884380291513124e-05
2016-05-13,6.728349464052925e-05
2016-05-16,6.884380291513124e-05
2016-05-17,6.923378414174883e-05
2016-05-18,7.35210500550935e-05
2016-05-19,7.274189160604532e-05
2016-05-20,7.274189160604532e-05
2016-05-23,7.235225500420509e-05
2016-05-24,7.313148995383787e-05
2016-05-25,7.35210500550935e-05
2016-05-26,7.196258014080428e-05
2016-05-27,7.274189160604532e-05
2016-05-31,7.235225500420509e-05
2016-06-01,7.274189160604532e-05
2016-06-02,7.118311559925793e-05
2016-06-03,6.728349464052925e-05
2016-06-06,6.80637254665304e-05
2016-06-07,6.767362922947469e-05
2016-06-08,6.728349464052925e-05
2016-06-09,6.611286068693322e-05
2016-06-10,6.455147803123786e-05
2016-06-13,6.377055625989865e-05
2016-06-14,6.377055625989865e-05
2016-06-15,6.298948077892922e-05
2016-06-16,6.181757921951771e-05
2016-06-17,6.377055625989865e-05
2016-06-20,6.572257261499297e-05
2016-06-21,6.728349464052925e-05
2016-06-22,6.650311037680406e-05
2016-06-23,6.845378335923679e-05
2016-06-24,6.181757921951771e-05
2016-06-27,5.751764345417663e-05
2016-06-28,5.751764345417663e-05
2016-06-29,5.908179561012126e-05
2016-06-30,5.8690815367600574e-05
2016-07-01,5.751764345417663e-05
2016-07-05,5.399604526276566e-05
2016-07-06,5.438748831790463e-05
2016-07-07,5.517025860710887e-05
2016-07-08,5.399604526276566e-05
2016-07-11,5.6344124602432255e-05
2016-07-12,6.0254505258095456e-05
2016-07-13,5.829979659916541e-05
2016-07-14,6.0254505258095456e-05
2016-07-15,6.298948077892922e-05
2016-07-18,6.259888537842158e-05
2016-07-19,6.142686844597768e-05
2016-07-20,6.259888537842158e-05
2016-07-21,6.181757921951771e-05
2016-07-22,6.181757921951771e-05
2016-07-25,6.2208251527808e-05
2016-07-26,6.181757921951771e-05
2016-07-27,5.9863640547781564e-05
2016-07-28,5.9863640547781564e-05
2016-07-29,5.751764345417663e-05
2016-08-01,5.94727373343184e-05
2016-08-02,6.103611919961267e-05
2016-08-03,6.103611919961267e-05
2016-08-04,5.94727373343184e-05
2016-08-05,6.259888537842158e-05
2016-08-08,6.259888537842158e-05
2016-08-09,6.103611919961267e-05
2016-08-10,5.908179561012126e-05
2016-08-11,6.181757921951771e-05
2016-08-12,5.94727373343184e-05
2016-08-15,6.103611919961267e-05
2016-08-16,6.181757921951771e-05
2016-08-17,6.142686844597768e-05
2016-08-18,6.0254505258095456e-05
2016-08-19,6.2208251527808e-05
2016-08-22,6.103611919961267e-05
2016-08-23,6.103611919961267e-05
2016-08-24,6.142686844597768e-05
2016-08-25,6.2208251527808e-05
2016-08-26,6.377055625989865e-05
2016-08-29,6.181757921951771e-05
2016-08-30,6.181757921951771e-05
2016-08-31,6.2208251527808e-05
2016-09-01,6.181757921951771e-05
2016-09-02,6.298948077892922e-05
2016-09-06,6.103611919961267e-05
2016-09-07,6.0645331472845164e-05
2016-09-08,6.338003773689947e-05
2016-09-09,6.572257261499297e-05
2016-09-12,6.611286068693322e-05
2016-09-13,6.80637254665304e-05
2016-09-14,6.689332169215399e-05
2016-09-15,6.728349464052925e-05
2016-09-16,6.689332169215399e-05
2016-09-19,6.689332169215399e-05
2016-09-20,6.650311037680406e-05
2016-09-21,6.533224615343266e-05
2016-09-22,6.416103635549083e-05
2016-09-23,6.377055625989865e-05
2016-09-26,6.259888537842158e-05
2016-09-27,6.142686844597768e-05
2016-09-28,6.181757921951771e-05
2016-09-29,6.142686844597768e-05
2016-09-30,6.298948077892922e-05
2016-10-03,6.416103635549083e-05
2016-10-04,6.650311037680406e-05
2016-10-05,6.767362922947469e-05
2016-10-06,6.884380291513124e-05
2016-10-07,6.80637254665304e-05
2016-10-11,6.962372704662247e-05
2016-10-12,7.040349792125843e-05
2016-10-13,6.884380291513124e-05
2016-10-14,7.079332590607545e-05
2016-10-17,6.962372704662247e-05
2016-10-18,6.884380291513124e-05
2016-10-19,6.923378414174883e-05
2016-10-20,6.923378414174883e-05
2016-10-21,6.845378335923679e-05
2016-10-24,6.962372704662247e-05
2016-10-25,6.962372704662247e-05
2016-10-26,7.040349792125843e-05
2016-10-27,7.274189160604532e-05
2016-10-28,7.313148995383787e-05
2016-10-31,7.235225500420509e-05
2016-11-01,7.196258014080428e-05
2016-11-02,7.118311559925793e-05
2016-11-03,7.157286700832768e-05
2016-11-04,7.040349792125843e-05
2016-11-07,7.196258014080428e-05
2016-11-08,7.391057191732071e-05
2016-11-09,8.1304231854427e-05
2016-11-10,8.441323522039592e-05
2016-11-14,8.751980468583854e-05
2016-11-15,8.751980468583854e-05
2016-11-16,8.713161647635769e-05
2016-11-17,8.984813682866894e-05
2016-11-18,9.178737059069232e-05
2016-11-21,9.13995996451301e-05
2016-11-22,9.062394405856003e-05
2016-11-23,9.256279882339983e-05
2016-11-25,9.256279882339983e-05
2016-11-28,9.101179080355552e-05
2016-11-29,9.023605940273548e-05
2016-11-30,9.295045612534964e-05
2016-12-01,9.605035197149746e-05
2016-12-02,9.411320086236534e-05
2016-12-05,9.372565713743662e-05
2016-12-06,9.372565713743662e-05
2016-12-07,9.178737059069232e-05
2016-12-08,9.411320086236534e-05
2016-12-09,9.682494771244096e-05
2016-12-12,9.75993922832545e-05
2016-12-13,9.721218889042608e-05
2016-12-14,9.953484272802874e-05
2016-12-15,0.0001018561378911818
2016-12-16,0.0001018561378911818
2016-12-19,9.953484272802874e-05
2016-12-20,0.00010069566004455674
2016-12-21,9.99218195646759e-05
2016-12-22,9.99218195646759e-05
2016-12-23,9.99218195646759e-05
2016-12-27,0.00010069566004455674
2016-12-28,9.83736857429313e-05
2016-12-29,9.75993922832545e-05
2016-12-30,9.605035197149746e-05
2017-01-03,9.605035197149746e-05
2017-01-04,9.643766874192388e-05
2017-01-05,9.295045612534964e-05
2017-01-06,9.488817478695587e-05
2017-01-09,9.333807556089629e-05
2017-01-10,9.333807556089629e-05
2017-01-11,9.333807556089629e-05
2017-01-12,9.256279882339983e-05
2017-01-13,9.411320086236534e-05
2017-01-17,9.13995996451301e-05
2017-01-18,9.488817478695587e-05
2017-01-19,9.682494771244096e-05
2017-01-20,9.721218889042608e-05
2017-01-23,9.450070674307494e-05
2017-01-24,9.682494771244096e-05
2017-01-25,9.914782815043095e-05
2017-01-26,9.83736857429313e-05
2017-01-27,9.75993922832545e-05
2017-01-30,9.75993922832545e-05
2017-01-31,9.605035197149746e-05
2017-02-01,9.721218889042608e-05
2017-02-02,9.721218889042608e-05
2017-02-03,9.75993922832545e-05
2017-02-06,9.488817478695587e-05
2017-02-07,9.411320086236534e-05
2017-02-08,9.178737059069232e-05
2017-02-09,9.411320086236534e-05
2017-02-10,9.450070674307494e-05
2017-02-13,9.527560500139624e-05
2017-02-14,9.682494771244096e-05
2017-02-15,9.83736857429313e-05
2017-02-16,9.605035197149746e-05
2017-02-17,9.488817478695587e-05
2017-02-21,9.527560500139624e-05
2017-02-22,9.488817478695587e-05
2017-02-23,9.333807556089629e-05
2017-02-24,9.062394405856003e-05
2017-02-27,9.256279882339983e-05
2017-02-28,9.256279882339983e-05
2017-03-01,9.643766874192388e-05
2017-03-02,9.75993922832545e-05
2017-03-03,9.75993922832545e-05
2017-03-06,9.75993922832545e-05
2017-03-07,9.876077582451937e-05
2017-03-08,0.00010069566004455674
2017-03-09,0.0001018561378911818
2017-03-10,0.00010108252370250423
2017-03-13,0.00010262960129256893
2017-03-14,0.0001018561378911818
2017-03-15,9.83736857429313e-05
2017-03-16,9.914782815043095e-05
2017-03-17,9.798655789829926e-05
2017-03-20,9.682494771244096e-05
2017-03-21,9.527560500139624e-05
2017-03-22,9.411320086236534e-05
2017-03-23,9.450070674307494e-05
2017-03-24,9.411320086236534e-05
2017-03-27,9.333807556089629e-05
2017-03-28,9.488817478695587e-05
2017-03-29,9.372565713743662e-05
2017-03-30,9.488817478695587e-05
2017-03-31,9.411320086236534e-05
2017-04-03,9.217510364764779e-05
2017-04-04,9.256279882339983e-05
2017-04-05,9.178737059069232e-05
2017-04-06,9.178737059069232e-05
2017-04-07,9.333807556089629e-05
2017-04-10,9.295045612534964e-05
2017-04-11,9.101179080355552e-05
2017-04-12,8.946017632894617e-05
2017-04-13,8.790795492513206e-05
2017-04-17,8.868414152286415e-05
2017-04-18,8.557848378793883e-05
2017-04-19,8.674339028926004e-05
2017-04-20,8.790795492513206e-05
2017-04-21,8.790795492513206e-05
2017-04-24,8.946017632894617e-05
2017-04-25,9.217510364764779e-05
2017-04-26,9.101179080355552e-05
2017-04-27,9.023605940273548e-05
2017-04-28,8.984813682866894e-05
2017-05-01,9.13995996451301e-05
2017-05-02,8.984813682866894e-05
2017-05-03,9.13995996451301e-05
2017-05-04,9.256279882339983e-05
2017-05-05,9.256279882339983e-05
2017-05-08,9.372565713743662e-05
2017-05-09,9.488817478695587e-05
2017-05-10,9.450070674307494e-05
2017-05-11,9.372565713743662e-05
2017-05-12,9.13995996451301e-05
2017-05-15,9.178737059069232e-05
2017-05-16,9.13995996451301e-05
2017-05-17,8.713161647635769e-05
2017-05-18,8.751980468583854e-05
2017-05-19,8.751980468583854e-05
2017-05-22,8.829606720166557e-05
2017-05-23,8.984813682866894e-05
2017-05-24,8.868414152286415e-05
2017-05-25,8.829606720166557e-05
2017-05-26,8.829606720166557e-05
2017-05-30,8.674339028926004e-05
2017-05-31,8.674339028926004e-05
2017-06-01,8.674339028926004e-05
2017-06-02,8.441323522039592e-05
2017-06-05,8.557848378793883e-05
2017-06-06,8.402474298177209e-05
2017-06-07,8.557848378793883e-05
2017-06-08,8.596682395248554e-05
2017-06-09,8.674339028926004e-05
2017-06-12,8.674339028926004e-05
2017-06-13,8.674339028926004e-05
2017-06-14,8.441323522039592e-05
2017-06-15,8.48016894293355e-05
2017-06-16,8.48016894293355e-05
2017-06-19,8.596682395248554e-05
2017-06-20,8.48016894293355e-05
2017-06-21,8.48016894293355e-05
2017-06-22,8.441323522039592e-05
2017-06-23,8.441323522039592e-05
2017-06-26,8.402474298177209e-05
2017-06-27,8.674339028926004e-05
2017-06-28,8.713161647635769e-05
2017-06-29,8.907217789615078e-05
2017-06-30,9.062394405856003e-05
2017-07-03,9.217510364764779e-05
2017-07-05,9.13995996451301e-05
2017-07-06,9.295045612534964e-05
2017-07-07,9.372565713743662e-05
2017-07-10,9.333807556089629e-05
2017-07-11,9.295045612534964e-05
2017-07-12,9.13995996451301e-05
2017-07-13,9.217510364764779e-05
2017-07-14,9.13995996451301e-05
2017-07-17,9.062394405856003e-05
2017-07-18,8.907217789615078e-05
2017-07-19,8.907217789615078e-05
2017-07-20,8.907217789615078e-05
2017-07-21,8.790795492513206e-05
2017-07-24,8.868414152286415e-05
2017-07-25,9.13995996451301e-05
2017-07-26,8.984813682866894e-05
2017-07-27,9.101179080355552e-05
2017-07-28,9.023605940273548e-05
2017-07-31,9.023605940273548e-05
2017-08-01,8.868414152286415e-05
2017-08-02,8.907217789615078e-05
2017-08-03,8.790795492513206e-05
2017-08-04,8.907217789615078e-05
2017-08-07,8.868414152286415e-05
2017-08-08,8.984813682866894e-05
2017-08-09,8.790795492513206e-05
2017-08-10,8.635512611711393e-05
2017-08-11,8.596682395248554e-05
2017-08-14,8.713161647635769e-05
2017-08-15,8.907217789615078e-05
2017-08-16,8.751980468583854e-05
2017-08-17,8.596682395248554e-05
2017-08-18,8.596682395248554e-05
2017-08-21,8.557848378793883e-05
2017-08-22,8.713161647635769e-05
2017-08-23,8.519010561603561e-05
2017-08-24,8.596682395248554e-05
2017-08-25,8.519010561603561e-05
2017-08-28,8.48016894293355e-05
2017-08-29,8.36362127060171e-05
2017-08-30,8.441323522039592e-05
2017-08-31,8.32476443856818e-05
2017-09-01,8.48016894293355e-05
2017-09-05,8.1304231854427e-05
2017-09-06,8.247039358146195e-05
2017-09-07,8.052660026889838e-05
2017-09-08,8.091543511005548e-05
2017-09-11,8.402474298177209e-05
2017-09-12,8.519010561603561e-05
2017-09-13,8.635512611711393e-05
2017-09-14,8.635512611711393e-05
2017-09-15,8.635512611711393e-05
2017-09-18,8.751980468583854e-05
2017-09-19,8.790795492513206e-05
2017-09-20,8.946017632894617e-05
2017-09-21,8.907217789615078e-05
2017-09-22,8.868414152286415e-05
2017-09-25,8.713161647635769e-05
2017-09-26,8.790795492513206e-05
2017-09-27,9.062394405856003e-05
2017-09-28,9.062394405856003e-05
2017-09-29,9.13995996451301e-05
2017-10-02,9.178737059069232e-05
2017-10-03,9.13995996451301e-05
2017-10-04,9.13995996451301e-05
2017-10-05,9.217510364764779e-05
2017-10-06,9.295045612534964e-05
2017-10-10,9.217510364764779e-05
2017-10-11,9.217510364764779e-05
2017-10-12,9.13995996451301e-05
2017-10-13,8.946017632894617e-05
2017-10-16,9.023605940273548e-05
2017-10-17,9.023605940273548e-05
2017-10-18,9.178737059069232e-05
2017-10-19,9.13995996451301e-05
2017-10-20,9.372565713743662e-05
2017-10-23,9.333807556089629e-05
2017-10-24,9.488817478695587e-05
2017-10-25,9.566299739378216e-05
2017-10-26,9.643766874192388e-05
2017-10-27,9.488817478695587e-05
2017-10-30,9.295045612534964e-05
2017-10-31,9.333807556089629e-05
2017-11-01,9.295045612534964e-05
2017-11-02,9.217510364764779e-05
2017-11-03,9.178737059069232e-05
2017-11-06,9.101179080355552e-05
2017-11-07,9.101179080355552e-05
2017-11-08,9.101179080355552e-05
2017-11-09,9.13995996451301e-05
2017-11-10,9.411320086236534e-05
2017-11-13,9.411320086236534e-05
2017-11-14,9.333807556089629e-05
2017-11-15,9.13995996451301e-05
2017-11-16,9.295045612534964e-05
2017-11-17,9.217510364764779e-05
2017-11-20,9.295045612534964e-05
2017-11-21,9.256279882339983e-05
2017-11-22,9.101179080355552e-05
2017-11-24,9.178737059069232e-05
2017-11-27,9.101179080355552e-05
2017-11-28,9.178737059069232e-05
2017-11-29,9.295045612534964e-05
2017-11-30,9.488817478695587e-05
2017-12-01,9.295045612534964e-05
2017-12-04,9.295045612534964e-05
2017-12-05,9.256279882339983e-05
2017-12-06,9.13995996451301e-05
2017-12-07,9.295045612534964e-05
2017-12-08,9.333807556089629e-05
2017-12-11,9.372565713743662e-05
2017-12-12,9.411320086236534e-05
2017-12-13,9.256279882339983e-05
2017-12-14,9.217510364764779e-05
2017-12-15,9.217510364764779e-05
2017-12-18,9.372565713743662e-05
2017-12-19,9.643766874192388e-05
2017-12-20,9.75993922832545e-05
2017-12-21,9.721218889042608e-05
2017-12-22,9.721218889042608e-05
2017-12-26,9.682494771244096e-05
2017-12-27,9.488817478695587e-05
2017-12-28,9.527560500139624e-05
2017-12-29,9.411320086236534e-05
2018-01-02,9.643766874192388e-05
2018-01-03,9.566299739378216e-05
2018-01-04,9.643766874192388e-05
2018-01-05,9.682494771244096e-05
2018-01-08,9.75993922832545e-05
2018-01-09,9.99218195646759e-05
2018-01-10,9.99218195646759e-05
2018-01-11,9.953484272802874e-05
2018-01-12,9.99218195646759e-05
2018-01-16,9.953484272802874e-05
2018-01-17,0.00010069566004455674
2018-01-18,0.00010262960129256893
2018-01-19,0.00010340291396543492
2018-01-22,0.00010417607596851468
2018-01-23,0.00010301627646639533
2018-01-24,0.00010378951379702849
2018-01-25,0.00010301627646639533
2018-01-26,0.00010417607596851468
2018-01-29,0.0001057219482000837
2018-01-30,0.00010688095730190889
2018-01-31,0.00010649465854587216
2018-02-01,0.00010881188720631833
2018-02-02,0.00011112776353014819
2018-02-05,0.00010842577638448576
2018-02-06,0.0001091979604632511
2018-02-07,0.00011112776353014819
2018-02-08,0.0001115136115510904
2018-02-09,0.00011074187798812646
2018-02-12,0.00011189942205824895
2018-02-13,0.00011074187798812646
2018-02-14,0.00011382791214249548
2018-02-15,0.00011344228909489076
2018-02-16,0.00011228519505891767
2018-02-20,0.0001126709305603882
2018-02-21,0.00011498455649411583
2018-02-22,0.00011421349772004741
2018-02-23,0.0001126709305603882
2018-02-26,0.00011189942205824895
2018-02-27,0.00011344228909489076
2018-02-28,0.00011228519505891767
2018-03-01,0.00010996999431165
2018-03-02,0.00011189942205824895
2018-03-05,0.0001126709305603882
2018-03-06,0.0001126709305603882
2018-03-07,0.0001130566285699501
2018-03-08,0.00011189942205824895
2018-03-09,0.00011344228909489076
2018-03-12,0.00011228519505891767
2018-03-13,0.00011112776353014819
2018-03-14,0.00010996999431165
2018-03-15,0.00011035595491772711
2018-03-16,0.0001115136115510904
2018-03-19,0.0001115136115510904
2018-03-20,0.0001130566285699501
2018-03-21,0.0001130566285699501
2018-03-22,0.00011074187798812646
2018-03-23,0.00011035595491772711
2018-03-26,0.0001115136115510904
2018-03-27,0.00010881188720631833
2018-03-28,0.00010842577638448576
2018-03-29,0.00010726721845647031
2018-04-02,0.00010688095730190889
2018-04-03,0.0001091979604632511
2018-04-04,0.0001091979604632511
2018-04-05,0.00011074187798812646
2018-04-06,0.00010842577638448576
2018-04-09,0.00010881188720631833
2018-04-10,0.00010958399616259281
2018-04-11,0.0001091979604632511
2018-04-12,0.00011074187798812646
2018-04-13,0.00011035595491772711
2018-04-16,0.00011074187798812646
2018-04-17,0.00011035595491772711
2018-04-18,0.00011228519505891767
2018-04-19,0.00011421349772004741
2018-04-20,0.00011575546547531716
2018-04-23,0.0001165262247218412
2018-04-24,0.00011729683429184298
2018-04-25,0.00011845246813049719
2018-04-26,0.00011729683429184298
2018-04-27,0.00011575546547531716
2018-04-30,0.00011537002970518716
2018-05-01,0.00011614086381177834
2018-05-02,0.00011614086381177834
2018-05-03,0.00011498455649411583
2018-05-04,0.00011537002970518716
2018-05-07,0.00011537002970518716
2018-05-08,0.00011614086381177834
2018-05-09,0.00011729683429184298
2018-05-10,0.00011614086381177834
2018-05-11,0.00011614086381177834
2018-05-14,0.00011729683429184298
2018-05-15,0.00012037777696854319
2018-05-16,0.00012076272666746792
2018-05-17,0.00012153251405460613
2018-05-18,0.00011960776552375717
2018-05-21,0.00011960776552375717
2018-05-22,0.00011960776552375717
2018-05-23,0.0001176820829663122
2018-05-24,0.0001165262247218412
2018-05-25,0.00011459904583482845
2018-05-29,0.00010842577638448576
2018-05-30,0.00011112776353014819
2018-05-31,0.00011074187798812646
2018-06-01,0.0001130566285699501
2018-06-04,0.00011498455649411583
2018-06-05,0.00011421349772004741
2018-06-06,0.00011614086381177834
2018-06-07,0.00011459904583482845
2018-06-08,0.00011459904583482845
2018-06-11,0.00011575546547531716
2018-06-12,0.00011575546547531716
2018-06-13,0.0001165262247218412
2018-06-14,0.00011498455649411583
2018-06-15,0.00011459904583482845
2018-06-18,0.00011421349772004741
2018-06-19,0.0001130566285699501
2018-06-20,0.00011459904583482845
2018-06-21,0.00011344228909489076
2018-06-22,0.00011344228909489076
2018-06-25,0.00011228519505891767
2018-06-26,0.0001126709305603882
2018-06-27,0.00011074187798812646
2018-06-28,0.00011112776353014819
2018-06-29,0.0001115136115510904
2018-07-02,0.00011228519505891767
2018-07-03,0.00011074187798812646
2018-07-05,0.00011112776353014819
2018-07-06,0.00011035595491772711
2018-07-09,0.00011189942205824895
2018-07-10,0.00011228519505891767
2018-07-11,0.0001115136115510904
2018-07-12,0.0001115136115510904
2018-07-13,0.00011074187798812646
2018-07-16,0.0001115136115510904
2018-07-17,0.00011189942205824895
2018-07-18,0.0001126709305603882
2018-07-19,0.00011112776353014819
2018-07-20,0.0001130566285699501
2018-07-23,0.00011575546547531716
2018-07-24,0.00011537002970518716
2018-07-25,0.00011498455649411583
2018-07-26,0.0001165262247218412
2018-07-27,0.00011575546547531716
2018-07-30,0.0001165262247218412
2018-07-31,0.00011575546547531716
2018-08-01,0.00011729683429184298
2018-08-02,0.0001165262247218412
2018-08-03,0.00011537002970518716
2018-08-06,0.00011498455649411583
2018-08-07,0.0001165262247218412
2018-08-08,0.00011575546547531716
2018-08-09,0.00011459904583482845
2018-08-10,0.00011228519505891767
2018-08-13,0.0001126709305603882
2018-08-14,0.0001130566285699501
2018-08-15,0.00011189942205824895
2018-08-16,0.00011228519505891767
2018-08-17,0.00011228519505891767
2018-08-20,0.00011035595491772711
2018-08-21,0.0001115136115510904
2018-08-22,0.00011035595491772711
2018-08-23,0.00011035595491772711
2018-08-24,0.00011035595491772711
2018-08-27,0.0001115136115510904
2018-08-28,0.0001126709305603882
2018-08-29,0.0001130566285699501
2018-08-30,0.00011189942205824895
2018-08-31,0.00011189942205824895
2018-09-04,0.00011344228909489076
2018-09-05,0.00011344228909489076
2018-09-06,0.0001126709305603882
2018-09-07,0.00011498455649411583
2018-09-10,0.00011498455649411583
2018-09-11,0.0001165262247218412
2018-09-12,0.00011614086381177834
2018-09-13,0.00011614086381177834
2018-09-14,0.000116911548212774
2018-09-17,0.000116911548212774
2018-09-18,0.00011922270376339938
2018-09-19,0.00012037777696854319
2018-09-20,0.00011999278992305534
2018-09-21,0.00011999278992305534
2018-09-24,0.00012037777696854319
2018-09-25,0.00012114763902707457
2018-09-26,0.00011960776552375717
2018-09-27,0.00011960776552375717
2018-09-28,0.00011922270376339938
2018-10-01,0.00012076272666746792
2018-10-02,0.00011922270376339938
2018-10-03,0.00012307164098876802
2018-10-04,0.00012461017118861763
2018-10-05,0.00012614810511669578
2018-10-09,0.0001253792126577404
2018-10-10,0.00012576367750987986
2018-10-11,0.00012268691521714924
2018-10-12,0.00012307164098876802
2018-10-15,0.00012345632946449497
2018-10-16,0.00012345632946449497
2018-10-17,0.00012461017118861763
2018-10-18,0.0001238409806515604
2018-10-19,0.00012499471055305958
2018-10-22,0.00012499471055305958
2018-10-23,0.0001238409806515604
2018-10-24,0.00012114763902707457
2018-10-25,0.00012268691521714924
2018-10-26,0.00012037777696854319
2018-10-29,0.00012037777696854319
2018-10-30,0.00012191735175730349
2018-10-31,0.00012307164098876802
2018-11-01,0.00012268691521714924
2018-11-02,0.00012576367750987986
2018-11-05,0.00012499471055305958
2018-11-06,0.00012576367750987986
2018-11-07,0.00012576367750987986
2018-11-08,0.00012653249548540368
2018-11-09,0.00012461017118861763
2018-11-13,0.00012268691521714924
2018-11-14,0.00012191735175730349
2018-11-15,0.00012153251405460613
2018-11-16,0.00012037777696854319
2018-11-19,0.00011960776552375717
2018-11-20,0.00011960776552375717
2018-11-21,0.00011960776552375717
2018-11-23,0.00011922270376339938
2018-11-26,0.00011999278992305534
2018-11-27,0.00011960776552375717
2018-11-28,0.00011960776552375717
2018-11-29,0.00011845246813049719
2018-11-30,0.0001176820829663122
2018-12-03,0.0001165262247218412
2018-12-04,0.00011382791214249548
2018-12-06,0.00011228519505891767
2018-12-07,0.0001115136115510904
2018-12-10,0.0001115136115510904
2018-12-11,0.0001130566285699501
2018-12-12,0.00011382791214249548
2018-12-13,0.00011382791214249548
2018-12-14,0.0001130566285699501
2018-12-17,0.00011189942205824895
2018-12-18,0.00011035595491772711
2018-12-19,0.00010842577638448576
2018-12-20,0.0001091979604632511
2018-12-21,0.0001091979604632511
2018-12-24,0.00010726721845647031
2018-12-26,0.00010996999431165
2018-12-27,0.00010842577638448576
2018-12-28,0.00010649465854587216
2018-12-31,0.00010533553659568338
2019-01-02,0.00010417607596851468
2019-01-03,0.00010030875866773256
2019-01-04,0.00010456260048723001
2019-01-07,0.0001057219482000837
2019-01-08,0.00010688095730190889
2019-01-09,0.00010726721845647031
2019-01-10,0.00010726721845647031
2019-01-11,0.00010610832218103774
2019-01-14,0.00010610832218103774
2019-01-15,0.00010649465854587216
2019-01-16,0.00010688095730190889
2019-01-17,0.00010765344201687577
2019-01-18,0.0001091979604632511
2019-01-22,0.00010726721845647031
2019-01-23,0.00010803962799044257
2019-01-24,0.00010649465854587216
2019-01-25,0.00010803962799044257
2019-01-28,0.00010765344201687577
2019-01-29,0.00010649465854587216
2019-01-30,0.0001057219482000837
2019-01-31,0.00010301627646639533
2019-02-01,0.0001057219482000837
2019-02-04,0.00010688095730190889
2019-02-05,0.00010610832218103774
2019-02-06,0.0001057219482000837
2019-02-07,0.00010378951379702849
2019-02-08,0.00010301627646639533
2019-02-11,0.00010378951379702849
2019-02-12,0.00010494908736050884
2019-02-13,0.00010610832218103774
2019-02-14,0.00010417607596851468
2019-02-15,0.00010417607596851468
2019-02-19,0.00010378951379702849
2019-02-20,0.00010378951379702849
2019-02-21,0.00010533553659568338
2019-02-22,0.00010378951379702849
2019-02-25,0.00010456260048723001
2019-02-26,0.00010340291396543492
2019-02-27,0.00010533553659568338
2019-02-28,0.00010688095730190889
2019-03-01,0.00010803962799044257
2019-03-04,0.00010649465854587216
2019-03-05,0.00010649465854587216
2019-03-06,0.00010533553659568338
2019-03-07,0.00010340291396543492
2019-03-08,0.00010262960129256893
2019-03-11,0.00010340291396543492
2019-03-12,0.0001022428884366128
2019-03-13,0.0001022428884366128
2019-03-14,0.00010301627646639533
2019-03-15,0.00010146934964892875
2019-03-18,0.0001018561378911818
2019-03-19,0.0001022428884366128
2019-03-20,9.953484272802874e-05
2019-03-21,9.953484272802874e-05
2019-03-22,9.566299739378216e-05
2019-03-25,9.527560500139624e-05
2019-03-26,9.450070674307494e-05
2019-03-27,9.372565713743662e-05
2019-03-28,9.372565713743662e-05
2019-03-29,9.450070674307494e-05
2019-04-01,9.75993922832545e-05
2019-04-02,9.721218889042608e-05
2019-04-03,9.876077582451937e-05
2019-04-04,9.83736857429313e-05
2019-04-05,9.798655789829926e-05
2019-04-08,9.876077582451937e-05
2019-04-09,9.83736857429313e-05
2019-04-10,9.721218889042608e-05
2019-04-11,9.83736857429313e-05
2019-04-12,0.00010030875866773256
2019-04-15,9.99218195646759e-05
2019-04-16,0.0001018561378911818
2019-04-17,0.00010146934964892875
2019-04-18,0.00010069566004455674
2019-04-22,0.00010146934964892875
2019-04-23,0.00010069566004455674
2019-04-24,9.914782815043095e-05
2019-04-25,9.953484272802874e-05
2019-04-26,9.83736857429313e-05
2019-04-29,9.953484272802874e-05
2019-04-30,9.83736857429313e-05
2019-05-01,9.876077582451937e-05
2019-05-02,9.99218195646759e-05
2019-05-03,9.953484272802874e-05
2019-05-06,9.83736857429313e-05
2019-05-07,9.605035197149746e-05
2019-05-08,9.75993922832545e-05
2019-05-09,9.605035197149746e-05
2019-05-10,9.682494771244096e-05
2019-05-13,9.411320086236534e-05
2019-05-14,9.488817478695587e-05
2019-05-15,9.295045612534964e-05
2019-05-16,9.411320086236534e-05
2019-05-17,9.372565713743662e-05
2019-05-20,9.450070674307494e-05
2019-05-21,9.527560500139624e-05
2019-05-22,9.372565713743662e-05
2019-05-23,9.062394405856003e-05
2019-05-24,9.101179080355552e-05
2019-05-28,8.868414152286415e-05
2019-05-29,8.829606720166557e-05
2019-05-30,8.713161647635769e-05
2019-05-31,8.402474298177209e-05
2019-06-03,8.1304231854427e-05
2019-06-04,8.32476443856818e-05
2019-06-05,8.32476443856818e-05
2019-06-06,8.32476443856818e-05
2019-06-07,8.208171108266905e-05
2019-06-10,8.441323522039592e-05
2019-06-11,8.441323522039592e-05
2019-06-12,8.36362127060171e-05
2019-06-13,8.247039358146195e-05
2019-06-14,8.208171108266905e-05
2019-06-17,8.208171108266905e-05
2019-06-18,8.091543511005548e-05
2019-06-19,7.974881626635871e-05
2019-06-20,7.89708797870483e-05
2019-06-21,8.1304231854427e-05
2019-06-24,7.93598670900362e-05
2019-06-25,7.858185434991956e-05
2019-06-26,8.052660026889838e-05
2019-06-27,7.89708797870483e-05
2019-06-28,7.858185434991956e-05
2019-07-01,7.974881626635871e-05
2019-07-02,7.780368904332679e-05
2019-07-03,7.702537111041027e-05
2019-07-05,8.01377273234891e-05
2019-07-08,8.052660026889838e-05
2019-07-09,8.1304231854427e-05
2019-07-10,8.1304231854427e-05
2019-07-11,8.36362127060171e-05
2019-07-12,8.32476443856818e-05
2019-07-15,8.208171108266905e-05
2019-07-16,8.36362127060171e-05
2019-07-17,8.091543511005548e-05
2019-07-18,8.01377273234891e-05
2019-07-19,8.052660026889838e-05
2019-07-22,8.052660026889838e-05
2019-07-23,8.169299050947743e-05
2019-07-24,8.052660026889838e-05
2019-07-25,8.169299050947743e-05
2019-07-26,8.169299050947743e-05
2019-07-29,8.091543511005548e-05
2019-07-30,8.091543511005548e-05
2019-07-31,7.93598670900362e-05
2019-08-01,7.468950095471296e-05
2019-08-02,7.313148995383787e-05
2019-08-05,6.884380291513124e-05
2019-08-06,6.80637254665304e-05
2019-08-07,6.728349464052925e-05
2019-08-08,6.767362922947469e-05
2019-08-09,6.845378335923679e-05
2019-08-12,6.494188129469933e-05
2019-08-13,6.611286068693322e-05
2019-08-14,6.259888537842158e-05
2019-08-15,5.9863640547781564e-05
2019-08-16,6.103611919961267e-05
2019-08-19,6.298948077892922e-05
2019-08-20,6.103611919961267e-05
2019-08-21,6.259888537842158e-05
2019-08-22,6.377055625989865e-05
2019-08-23,5.9863640547781564e-05
2019-08-26,6.0645331472845164e-05
2019-08-27,5.8690815367600574e-05
2019-08-28,5.7908739297222564e-05
2019-08-29,5.908179561012126e-05
2019-08-30,5.908179561012126e-05
2019-09-03,5.7908739297222564e-05
2019-09-04,5.7908739297222564e-05
2019-09-05,6.181757921951771e-05
2019-09-06,6.103611919961267e-05
2019-09-09,6.416103635549083e-05
2019-09-10,6.767362922947469e-05
2019-09-11,6.884380291513124e-05
2019-09-12,7.040349792125843e-05
2019-09-13,7.468950095471296e-05
2019-09-16,7.235225500420509e-05
2019-09-17,7.118311559925793e-05
2019-09-18,7.079332590607545e-05
2019-09-19,7.040349792125843e-05
2019-09-20,6.845378335923679e-05
2019-09-23,6.767362922947469e-05
2019-09-24,6.455147803123786e-05
2019-09-25,6.80637254665304e-05
2019-09-26,6.689332169215399e-05
2019-09-27,6.650311037680406e-05
2019-09-30,6.611286068693322e-05
2019-10-01,6.494188129469933e-05
2019-10-02,6.298948077892922e-05
2019-10-03,6.0645331472845164e-05
2019-10-04,5.9863640547781564e-05
2019-10-07,6.142686844597768e-05
2019-10-08,6.0645331472845164e-05
2019-10-09,6.259888537842158e-05
2019-10-10,6.572257261499297e-05
2019-10-11,6.923378414174883e-05
2019-10-15,6.962372704662247e-05
2019-10-16,6.884380291513124e-05
2019-10-17,6.923378414174883e-05
2019-10-18,6.923378414174883e-05
2019-10-21,7.079332590607545e-05
2019-10-22,7.001363163728286e-05
2019-10-23,6.962372704662247e-05
2019-10-24,6.962372704662247e-05
2019-10-25,7.079332590607545e-05
2019-10-28,7.274189160604532e-05
2019-10-29,7.235225500420509e-05
2019-10-30,7.001363163728286e-05
2019-10-31,6.650311037680406e-05
2019-11-01,6.80637254665304e-05
2019-11-04,7.040349792125843e-05
2019-11-05,7.313148995383787e-05
2019-11-06,7.118311559925793e-05
2019-11-07,7.546827712603949e-05
2019-11-08,7.624690049128718e-05
2019-11-12,7.546827712603949e-05
2019-11-13,7.391057191732071e-05
2019-11-14,7.157286700832768e-05
2019-11-15,7.235225500420509e-05
2019-11-18,7.118311559925793e-05
2019-11-19,7.040349792125843e-05
2019-11-20,6.80637254665304e-05
2019-11-21,6.962372704662247e-05
2019-11-22,6.962372704662247e-05
2019-11-25,6.923378414174883e-05
2019-11-26,6.845378335923679e-05
2019-11-27,6.962372704662247e-05
2019-11-29,7.001363163728286e-05
2019-12-02,7.196258014080428e-05
2019-12-03,6.767362922947469e-05
2019-12-04,6.962372704662247e-05
2019-12-05,7.079332590607545e-05
2019-12-06,7.235225500420509e-05
2019-12-09,7.196258014080428e-05
2019-12-10,7.274189160604532e-05
2019-12-11,7.040349792125843e-05
2019-12-12,7.468950095471296e-05
2019-12-13,7.157286700832768e-05
2019-12-16,7.430005554802583e-05
2019-12-17,7.430005554802583e-05
2019-12-18,7.546827712603949e-05
2019-12-19,7.546827712603949e-05
2019-12-20,7.546827712603949e-05
2019-12-23,7.585760790567517e-05
2019-12-24,7.468950095471296e-05
2019-12-26,7.468950095471296e-05
2019-12-27,7.391057191732071e-05
2019-12-30,7.468950095471296e-05
2019-12-31,7.546827712603949e-05
2020-01-02,7.391057191732071e-05
2020-01-03,7.079332590607545e-05
2020-01-06,7.118311559925793e-05
2020-01-07,7.196258014080428e-05
2020-01-08,7.35210500550935e-05
2020-01-09,7.274189160604532e-05
2020-01-10,7.196258014080428e-05
2020-01-13,7.274189160604532e-05
2020-01-14,7.157286700832768e-05
2020-01-15,7.040349792125843e-05
2020-01-16,7.118311559925793e-05
2020-01-17,7.235225500420509e-05
2020-01-21,7.001363163728286e-05
2020-01-22,6.962372704662247e-05
2020-01-23,6.845378335923679e-05
2020-01-24,6.689332169215399e-05
2020-01-27,6.338003773689947e-05
2020-01-28,6.494188129469933e-05
2020-01-29,6.298948077892922e-05
2020-01-30,6.181757921951771e-05
2020-01-31,5.94727373343184e-05
2020-02-03,6.0645331472845164e-05
2020-02-04,6.338003773689947e-05
2020-02-05,6.533224615343266e-05
2020-02-06,6.494188129469933e-05
2020-02-07,6.259888537842158e-05
2020-02-10,6.142686844597768e-05
2020-02-11,6.259888537842158e-05
2020-02-12,6.377055625989865e-05
2020-02-13,6.338003773689947e-05
2020-02-14,6.259888537842158e-05
2020-02-18,6.103611919961267e-05
2020-02-19,6.142686844597768e-05
2020-02-20,5.9863640547781564e-05
2020-02-21,5.751764345417663e-05
2020-02-24,5.438748831790463e-05
2020-02-25,5.242988679418611e-05
2020-02-26,5.242988679418611e-05
2020-02-27,5.1254862168834245e-05
2020-02-28,4.458980923011019e-05
2020-03-02,4.341246046958041e-05
2020-03-03,4.027115496752038e-05
2020-03-04,4.027115496752038e-05
2020-03-05,3.6341022955419544e-05
2020-03-06,2.9256961624655385e-05
2020-03-09,2.1370921731499557e-05
2020-03-10,3.0044704350468754e-05
2020-03-11,3.240699470791032e-05
2020-03-12,3.476787963719314e-05
2020-03-13,3.712736080962313e-05
2020-03-16,2.8863031613089165e-05
2020-03-17,4.027115496752038e-05
2020-03-18,4.655128125277261e-05
2020-03-19,4.419739845419056e-05
2020-03-20,3.6341022955419544e-05
2020-03-23,3.0044704350468754e-05
2020-03-24,3.3194112427093935e-05
2020-03-25,3.476787963719314e-05
2020-03-26,3.280057308346267e-05
2020-03-27,2.846906249206529e-05
2020-03-30,2.7681006890575944e-05
2020-03-31,2.7681006890575944e-05
2020-04-01,2.4527218551909122e-05
2020-04-02,2.4921579195041494e-05
2020-04-03,2.4527218551909122e-05
2020-04-06,2.6498629973176573e-05
2020-04-07,2.9650852534528e-05
2020-04-08,3.0438517080237066e-05
2020-04-09,2.8863031613089165e-05
2020-04-13,3.0044704350468754e-05
2020-04-14,3.0044704350468754e-05
2020-04-15,2.4921579195041494e-05
2020-04-16,2.413281871376172e-05
2020-04-17,2.5710182927416957e-05
2020-04-20,2.4921579195041494e-05
2020-04-21,2.2949383951299052e-05
2020-04-22,2.4921579195041494e-05
2020-04-23,2.413281871376172e-05
2020-04-24,2.3738379672807417e-05
2020-04-27,2.6498629973176573e-05
2020-04-28,2.4527218551909122e-05
2020-04-29,2.4921579195041494e-05
2020-04-30,2.5315900650948363e-05
2020-05-01,2.5315900650948363e-05
2020-05-04,2.5315900650948363e-05
2020-05-05,2.610442603223217e-05
2020-05-06,2.846906249206529e-05
2020-05-07,2.4921579195041494e-05
2020-05-08,2.728692039457168e-05
2020-05-11,2.8863031613089165e-05
2020-05-12,2.728692039457168e-05
2020-05-13,2.5315900650948363e-05
2020-05-14,2.4921579195041494e-05
2020-05-15,2.5315900650948363e-05
2020-05-18,2.8863031613089165e-05
2020-05-19,2.7681006890575944e-05
2020-05-20,2.6892794758030433e-05
2020-05-21,2.6892794758030433e-05
2020-05-22,2.610442603223217e-05
2020-05-26,2.728692039457168e-05
2020-05-27,2.6892794758030433e-05
2020-05-28,2.7681006890575944e-05
2020-05-29,2.5710182927416957e-05
2020-06-01,2.610442603223217e-05
2020-06-02,2.6892794758030433e-05
2020-06-03,3.0438517080237066e-05
2020-06-04,3.240699470791032e-05
2020-06-05,3.594779558867519e-05
2020-06-08,3.476787963719314e-05
2020-06-09,3.3194112427093935e-05
2020-06-10,2.9650852534528e-05
2020-06-11,2.610442603223217e-05
2020-06-12,2.80750542538174e-05
2020-06-15,2.80750542538174e-05
2020-06-16,2.9650852534528e-05
2020-06-17,2.9256961624655385e-05
2020-06-18,2.80750542538174e-05
2020-06-19,2.7681006890575944e-05
2020-06-22,2.80750542538174e-05
2020-06-23,2.846906249206529e-05
2020-06-24,2.728692039457168e-05
2020-06-25,2.6892794758030433e-05
2020-06-26,2.5315900650948363e-05
2020-06-29,2.5315900650948363e-05
2020-06-30,2.610442603223217e-05
2020-07-01,2.728692039457168e-05
2020-07-02,2.6892794758030433e-05
2020-07-06,2.728692039457168e-05
2020-07-07,2.5710182927416957e-05
2020-07-08,2.6498629973176573e-05
2020-07-09,2.4527218551909122e-05
2020-07-10,2.5710182927416957e-05
2020-07-13,2.5315900650948363e-05
2020-07-14,2.4921579195041494e-05
2020-07-15,2.5315900650948363e-05
2020-07-16,2.4527218551909122e-05
2020-07-17,2.5315900650948363e-05
2020-07-20,2.4527218551909122e-05
2020-07-21,2.413281871376172e-05
2020-07-22,2.3738379672807417e-05
2020-07-23,2.334390142125203e-05
2020-07-24,2.334390142125203e-05
2020-07-27,2.4527218551909122e-05
2020-07-28,2.334390142125203e-05
2020-07-29,2.2949383951299052e-05
2020-07-30,2.1765596153054547e-05
2020-07-31,2.1765596153054547e-05
2020-08-03,2.2160231325002632e-05
2020-08-04,2.0581455108333945e-05
2020-08-05,2.1765596153054547e-05
2020-08-06,2.1765596153054547e-05
2020-08-07,2.255482725514964e-05
2020-08-10,2.334390142125203e-05
2020-08-11,2.5315900650948363e-05
2020-08-12,2.728692039457168e-05
2020-08-13,2.80750542538174e-05
2020-08-14,2.80750542538174e-05
2020-08-17,2.728692039457168e-05
2020-08-18,2.6498629973176573e-05
2020-08-19,2.6892794758030433e-05
2020-08-20,2.5710182927416957e-05
2020-08-21,2.5315900650948363e-05
2020-08-24,2.5710182927416957e-05
2020-08-25,2.728692039457168e-05
2020-08-26,2.728692039457168e-05
2020-08-27,2.9256961624655385e-05
2020-08-28,2.9256961624655385e-05
2020-08-31,2.846906249206529e-05
2020-09-01,2.6892794758030433e-05
2020-09-02,2.610442603223217e-05
2020-09-03,2.4921579195041494e-05
2020-09-04,2.846906249206529e-05
2020-09-08,2.728692039457168e-05
2020-09-09,2.80750542538174e-05
2020-09-10,2.6892794758030433e-05
2020-09-11,2.6498629973176573e-05
2020-09-14,2.6892794758030433e-05
2020-09-15,2.6892794758030433e-05
2020-09-16,2.728692039457168e-05
2020-09-17,2.728692039457168e-05
2020-09-18,2.7681006890575944e-05
2020-09-21,2.6892794758030433e-05
2020-09-22,2.6892794758030433e-05
2020-09-23,2.6892794758030433e-05
2020-09-24,2.6498629973176573e-05
2020-09-25,2.610442603223217e-05
2020-09-28,2.6498629973176573e-05
2020-09-29,2.610442603223217e-05
2020-09-30,2.728692039457168e-05
2020-10-01,2.6892794758030433e-05
2020-10-02,2.7681006890575944e-05
2020-10-05,3.083229073159005e-05
2020-10-06,3.0044704350468754e-05
2020-10-07,3.201337729269362e-05
2020-10-08,3.083229073159005e-05
2020-10-09,3.122602531228253e-05
2020-10-13,2.9256961624655385e-05
2020-10-14,2.8863031613089165e-05
2020-10-15,2.9256961624655385e-05
2020-10-16,3.0044704350468754e-05
2020-10-19,3.083229073159005e-05
2020-10-20,3.201337729269362e-05
2020-10-21,3.280057308346267e-05
2020-10-22,3.437449634385947e-05
2020-10-23,3.3587612746545095e-05
2020-10-26,3.201337729269362e-05
2020-10-27,3.122602531228253e-05
2020-10-28,3.122602531228253e-05
2020-10-29,3.3587612746545095e-05
2020-10-30,3.476787963719314e-05
2020-11-02,3.437449634385947e-05
2020-11-03,3.5554529251872226e-05
2020-11-04,3.083229073159005e-05
2020-11-05,3.122602531228253e-05
2020-11-06,3.280057308346267e-05
2020-11-09,3.791354287623695e-05
2020-11-10,3.869956921697739e-05
2020-11-12,3.476787963719314e-05
2020-11-13,3.516122393728757e-05
2020-11-16,3.594779558867519e-05
2020-11-17,3.437449634385947e-05
2020-11-18,3.476787963719314e-05
2020-11-19,3.398107404955482e-05
2020-11-20,3.280057308346267e-05
2020-11-23,3.398107404955482e-05
2020-11-24,3.476787963719314e-05
2020-11-25,3.476787963719314e-05
2020-11-27,3.3194112427093935e-05
2020-11-30,3.3194112427093935e-05
2020-12-01,3.6341022955419544e-05
2020-12-02,3.752047131252063e-05
2020-12-03,3.6341022955419544e-05
2020-12-04,3.83065755084855e-05
2020-12-07,3.712736080962313e-05
2020-12-08,3.6341022955419544e-05
2020-12-09,3.752047131252063e-05
2020-12-10,3.6341022955419544e-05
2020-12-11,3.5554529251872226e-05
2020-12-14,3.5554529251872226e-05
2020-12-15,3.6341022955419544e-05
2020-12-16,3.6341022955419544e-05
2020-12-17,3.712736080962313e-05
2020-12-18,3.752047131252063e-05
2020-12-21,3.752047131252063e-05
2020-12-22,3.673421135982876e-05
2020-12-23,3.791354287623695e-05
2020-12-24,3.712736080962313e-05
2020-12-28,3.712736080962313e-05
2020-12-29,3.712736080962313e-05
2020-12-30,3.673421135982876e-05
2020-12-31,3.673421135982876e-05
2021-01-04,3.673421135982876e-05
2021-01-05,3.791354287623695e-05
2021-01-06,4.105671450057249e-05
2021-01-07,4.2627367190087415e-05
2021-01-08,4.458980923011019e-05
2021-01-11,4.5374514387552263e-05
2021-01-12,4.5374514387552263e-05
2021-01-13,4.341246046958041e-05
2021-01-14,4.5374514387552263e-05
2021-01-15,4.380494886990654e-05
2021-01-19,4.341246046958041e-05
2021-01-20,4.341246046958041e-05
2021-01-21,4.419739845419056e-05
2021-01-22,4.341246046958041e-05
2021-01-25,4.1449435958486524e-05
2021-01-26,4.1449435958486524e-05
2021-01-27,4.105671450057249e-05
2021-01-28,4.2234762295554603e-05
2021-01-29,4.380494886990654e-05
2021-02-01,4.3019933245534795e-05
2021-02-02,4.419739845419056e-05
2021-02-03,4.5374514387552263e-05
2021-02-04,4.5374514387552263e-05
2021-02-05,4.694345933959215e-05
2021-02-08,4.694345933959215e-05
2021-02-09,4.655128125277261e-05
2021-02-10,4.5374514387552263e-05
2021-02-11,4.5766808784417004e-05
2021-02-12,4.733559867172148e-05
2021-02-16,5.1254862168834245e-05
2021-02-17,5.086310996275533e-05
2021-02-18,5.086310996275533e-05
2021-02-19,5.2821484363779426e-05
2021-02-22,5.399604526276566e-05
2021-02-23,5.399604526276566e-05
2021-02-24,5.438748831790463e-05
2021-02-25,6.0645331472845164e-05
2021-02-26,5.673533611438251e-05
2021-03-01,5.712650906242992e-05
2021-03-02,5.595287451897471e-05
2021-03-03,5.7908739297222564e-05
2021-03-04,6.0645331472845164e-05
2021-03-05,6.142686844597768e-05
2021-03-08,6.259888537842158e-05
2021-03-09,6.103611919961267e-05
2021-03-10,6.0254505258095456e-05
2021-03-11,6.0645331472845164e-05
2021-03-12,6.455147803123786e-05
2021-03-15,6.377055625989865e-05
2021-03-16,6.377055625989865e-05
2021-03-17,6.416103635549083e-05
2021-03-18,6.728349464052925e-05
2021-03-19,6.845378335923679e-05
2021-03-22,6.650311037680406e-05
2021-03-23,6.416103635549083e-05
2021-03-24,6.377055625989865e-05
2021-03-25,6.416103635549083e-05
2021-03-26,6.572257261499297e-05
2021-03-29,6.80637254665304e-05
2021-03-30,6.80637254665304e-05
2021-03-31,6.845378335923679e-05
2021-04-01,6.650311037680406e-05
2021-04-05,6.80637254665304e-05
2021-04-06,6.572257261499297e-05
2021-04-07,6.611286068693322e-05
2021-04-08,6.455147803123786e-05
2021-04-09,6.572257261499297e-05
2021-04-12,6.650311037680406e-05
2021-04-13,6.455147803123786e-05
2021-04-14,6.455147803123786e-05
2021-04-15,6.142686844597768e-05
2021-04-16,6.259888537842158e-05
2021-04-19,6.338003773689947e-05
2021-04-20,6.2208251527808e-05
2021-04-21,6.181757921951771e-05
2021-04-22,6.181757921951771e-05
2021-04-23,6.2208251527808e-05
2021-04-26,6.2208251527808e-05
2021-04-27,6.416103635549083e-05
2021-04-28,6.416103635549083e-05
2021-04-29,6.494188129469933e-05
2021-04-30,6.494188129469933e-05
2021-05-03,6.416103635549083e-05
2021-05-04,6.338003773689947e-05
2021-05-05,6.259888537842158e-05
2021-05-06,6.2208251527808e-05
2021-05-07,6.298948077892922e-05
2021-05-10,6.416103635549083e-05
2021-05-11,6.455147803123786e-05
2021-05-12,6.650311037680406e-05
2021-05-13,6.533224615343266e-05
2021-05-14,6.416103635549083e-05
2021-05-17,6.455147803123786e-05
2021-05-18,6.455147803123786e-05
2021-05-19,6.611286068693322e-05
2021-05-20,6.416103635549083e-05
2021-05-21,6.416103635549083e-05
2021-05-24,6.338003773689947e-05
2021-05-25,6.142686844597768e-05
2021-05-26,6.2208251527808e-05
2021-05-27,6.338003773689947e-05
2021-05-28,6.2208251527808e-05
2021-06-01,6.377055625989865e-05
2021-06-02,6.259888537842158e-05
2021-06-03,6.416103635549083e-05
2021-06-04,6.142686844597768e-05
2021-06-07,6.181757921951771e-05
2021-06-08,6.0254505258095456e-05
2021-06-09,5.908179561012126e-05
2021-06-10,5.712650906242992e-05
2021-06-11,5.7908739297222564e-05
2021-06-14,5.94727373343184e-05
2021-06-15,5.94727373343184e-05
2021-06-16,6.181757921951771e-05
2021-06-17,5.9863640547781564e-05
2021-06-18,5.712650906242992e-05
2021-06-21,5.908179561012126e-05
2021-06-22,5.829979659916541e-05
2021-06-23,5.908179561012126e-05
2021-06-24,5.8690815367600574e-05
2021-06-25,6.0645331472845164e-05
2021-06-28,5.8690815367600574e-05
2021-06-29,5.8690815367600574e-05
2021-06-30,5.712650906242992e-05
2021-07-01,5.829979659916541e-05
2021-07-02,5.673533611438251e-05
2021-07-06,5.399604526276566e-05
2021-07-07,5.242988679418611e-05
2021-07-08,5.1254862168834245e-05
2021-07-09,5.399604526276566e-05
2021-07-12,5.438748831790463e-05
2021-07-13,5.595287451897471e-05
2021-07-14,5.399604526276566e-05
2021-07-15,5.16465757043443e-05
2021-07-16,5.16465757043443e-05
2021-07-19,4.694345933959215e-05
2021-07-20,4.8511784216543446e-05
2021-07-21,5.1254862168834245e-05
2021-07-22,5.007948950834206e-05
2021-07-23,5.1254862168834245e-05
2021-07-26,5.086310996275533e-05
2021-07-27,4.929571427998853e-05
2021-07-28,4.968762124472893e-05
2021-07-29,5.047131907847068e-05
2021-07-30,4.8903768606475804e-05
2021-08-02,4.733559867172148e-05
2021-08-03,4.694345933959215e-05
2021-08-04,4.694345933959215e-05
2021-08-05,4.8511784216543446e-05
2021-08-06,5.16465757043443e-05
2021-08-09,5.242988679418611e-05
2021-08-10,5.360456359044563e-05
2021-08-11,5.321304329332437e-05
2021-08-12,5.360456359044563e-05
2021-08-13,5.086310996275533e-05
2021-08-16,4.968762124472893e-05
2021-08-17,4.968762124472893e-05
2021-08-18,5.007948950834206e-05
2021-08-19,4.8903768606475804e-05
2021-08-20,4.968762124472893e-05
2021-08-23,4.929571427998853e-05
2021-08-24,5.086310996275533e-05
2021-08-25,5.321304329332437e-05
2021-08-26,5.2821484363779426e-05
2021-08-27,5.16465757043443e-05
2021-08-30,5.086310996275533e-05
2021-08-31,5.1254862168834245e-05
2021-09-01,5.16465757043443e-05
2021-09-02,5.086310996275533e-05
2021-09-03,5.242988679418611e-05
2021-09-07,5.438748831790463e-05
2021-09-08,5.321304329332437e-05
2021-09-09,5.1254862168834245e-05
2021-09-10,5.321304329332437e-05
2021-09-13,5.242988679418611e-05
2021-09-14,5.047131907847068e-05
2021-09-15,5.16465757043443e-05
2021-09-16,5.2821484363779426e-05
2021-09-17,5.399604526276566e-05
2021-09-20,5.16465757043443e-05
2021-09-21,5.242988679418611e-05
2021-09-22,5.203825057691748e-05
2021-09-23,5.556158585640322e-05
2021-09-24,5.7908739297222564e-05
2021-09-27,5.829979659916541e-05
2021-09-28,6.0645331472845164e-05
2021-09-29,6.103611919961267e-05
2021-09-30,5.9863640547781564e-05
2021-10-01,5.829979659916541e-05
2021-10-04,5.8690815367600574e-05
2021-10-05,6.0645331472845164e-05
2021-10-06,6.0254505258095456e-05
2021-10-07,6.2208251527808e-05
2021-10-08,6.338003773689947e-05
2021-10-12,6.259888537842158e-05
2021-10-13,6.142686844597768e-05
2021-10-14,5.9863640547781564e-05
2021-10-15,6.259888537842158e-05
2021-10-18,6.259888537842158e-05
2021-10-19,6.494188129469933e-05
2021-10-20,6.494188129469933e-05
2021-10-21,6.611286068693322e-05
2021-10-22,6.533224615343266e-05
2021-10-25,6.455147803123786e-05
2021-10-26,6.416103635549083e-05
2021-10-27,6.0645331472845164e-05
2021-10-28,6.181757921951771e-05
2021-10-29,6.103611919961267e-05
2021-11-01,6.2208251527808e-05
2021-11-02,6.142686844597768e-05
2021-11-03,6.298948077892922e-05
2021-11-04,6.0254505258095456e-05
2021-11-05,5.712650906242992e-05
2021-11-08,5.94727373343184e-05
2021-11-09,5.751764345417663e-05
2021-11-10,6.142686844597768e-05
2021-11-12,6.2208251527808e-05
2021-11-15,6.416103635549083e-05
2021-11-16,6.416103635549083e-05
2021-11-17,6.298948077892922e-05
2021-11-18,6.259888537842158e-05
2021-11-19,6.0645331472845164e-05
2021-11-22,6.416103635549083e-05
2021-11-23,6.572257261499297e-05
2021-11-24,6.455147803123786e-05
2021-11-26,5.829979659916541e-05
2021-11-29,5.9863640547781564e-05
2021-11-30,5.6344124602432255e-05
2021-12-01,5.6344124602432255e-05
2021-12-02,5.673533611438251e-05
2021-12-03,5.321304329332437e-05
2021-12-06,5.6344124602432255e-05
2021-12-07,5.829979659916541e-05
2021-12-08,5.9863640547781564e-05
2021-12-09,5.8690815367600574e-05
2021-12-10,5.829979659916541e-05
2021-12-13,5.595287451897471e-05
2021-12-14,5.673533611438251e-05
2021-12-15,5.7908739297222564e-05
2021-12-16,5.673533611438251e-05
2021-12-17,5.556158585640322e-05
2021-12-20,5.6344124602432255e-05
2021-12-21,5.829979659916541e-05
2021-12-22,5.751764345417663e-05
2021-12-23,5.908179561012126e-05
2021-12-27,5.829979659916541e-05
2021-12-28,5.8690815367600574e-05
2021-12-29,6.103611919961267e-05
2021-12-30,5.9863640547781564e-05
2021-12-31,5.9863640547781564e-05
2022-01-03,6.416103635549083e-05
2022-01-04,6.533224615343266e-05
2022-01-05,6.728349464052925e-05
2022-01-06,6.80637254665304e-05
2022-01-07,6.923378414174883e-05
2022-01-10,7.001363163728286e-05
2022-01-11,6.884380291513124e-05
2022-01-12,6.845378335923679e-05
2022-01-13,6.689332169215399e-05
2022-01-14,7.001363163728286e-05
2022-01-18,7.35210500550935e-05
2022-01-19,7.196258014080428e-05
2022-01-20,7.196258014080428e-05
2022-01-21,6.884380291513124e-05
2022-01-24,6.884380291513124e-05
2022-01-25,7.001363163728286e-05
2022-01-26,7.274189160604532e-05
2022-01-27,7.118311559925793e-05
2022-01-28,7.001363163728286e-05
2022-01-31,7.040349792125843e-05
2022-02-01,7.118311559925793e-05
2022-02-02,7.001363163728286e-05
2022-02-03,7.157286700832768e-05
2022-02-04,7.585760790567517e-05
2022-02-07,7.546827712603949e-05
2022-02-08,7.702537111041027e-05
2022-02-09,7.624690049128718e-05
2022-02-10,7.974881626635871e-05
2022-02-11,7.546827712603949e-05
2022-02-14,7.780368904332679e-05
2022-02-15,8.052660026889838e-05
2022-02-16,7.974881626635871e-05
2022-02-17,7.741454915890085e-05
2022-02-18,7.546827712603949e-05
2022-02-22,7.624690049128718e-05
2022-02-23,7.819279077117234e-05
2022-02-24,7.702537111041027e-05
2022-02-25,7.741454915890085e-05
2022-02-28,7.196258014080428e-05
2022-03-01,6.767362922947469e-05
2022-03-02,7.313148995383787e-05
2022-03-03,7.313148995383787e-05
2022-03-04,6.845378335923679e-05
2022-03-07,7.001363163728286e-05
2022-03-08,7.313148995383787e-05
2022-03-09,7.624690049128718e-05
2022-03-10,7.780368904332679e-05
2022-03-11,7.858185434991956e-05
2022-03-14,8.402474298177209e-05
2022-03-15,8.441323522039592e-05
2022-03-16,8.596682395248554e-05
2022-03-17,8.635512611711393e-05
2022-03-18,8.402474298177209e-05
2022-03-21,9.101179080355552e-05
2022-03-22,9.333807556089629e-05
2022-03-23,9.101179080355552e-05
2022-03-24,9.178737059069232e-05
2022-03-25,9.721218889042608e-05
2022-03-28,9.643766874192388e-05
2022-03-29,9.450070674307494e-05
2022-03-30,9.217510364764779e-05
2022-03-31,9.101179080355552e-05
2022-04-01,9.372565713743662e-05
2022-04-04,9.488817478695587e-05
2022-04-05,9.953484272802874e-05
2022-04-06,0.0001022428884366128
2022-04-07,0.00010417607596851468
2022-04-08,0.00010649465854587216
2022-04-11,0.0001091979604632511
2022-04-12,0.00010649465854587216
2022-04-13,0.0001057219482000837
2022-04-14,0.00011074187798812646
2022-04-18,0.0001115136115510904
2022-04-19,0.00011459904583482845
2022-04-20,0.0001115136115510904
2022-04-21,0.00011344228909489076
2022-04-22,0.00011344228909489076
2022-04-25,0.00010996999431165
2022-04-26,0.00010842577638448576
2022-04-27,0.00011035595491772711
2022-04-28,0.0001115136115510904
2022-04-29,0.0001130566285699501
2022-05-02,0.000116911548212774
2022-05-03,0.00011614086381177834
2022-05-04,0.00011459904583482845
2022-05-05,0.00011922270376339938
2022-05-06,0.00012191735175730349
2022-05-09,0.00011922270376339938
2022-05-10,0.000116911548212774
2022-05-11,0.00011382791214249548
2022-05-12,0.00011112776353014819
2022-05-13,0.00011459904583482845
2022-05-16,0.0001126709305603882
2022-05-17,0.0001165262247218412
2022-05-18,0.0001130566285699501
2022-05-19,0.00011112776353014819
2022-05-20,0.00010881188720631833
2022-05-23,0.00011189942205824895
2022-05-24,0.00010803962799044257
2022-05-25,0.00010765344201687577
2022-05-26,0.00010765344201687577
2022-05-27,0.00010726721845647031
2022-05-31,0.0001115136115510904
2022-06-01,0.00011498455649411583
2022-06-02,0.00011421349772004741
2022-06-03,0.00011575546547531716
2022-06-06,0.00011883760463473055
2022-06-07,0.0001165262247218412
2022-06-08,0.00011845246813049719
2022-06-09,0.00011883760463473055
2022-06-10,0.00012307164098876802
2022-06-13,0.00013382884683182895
2022-06-14,0.00013613017338091364
2022-06-15,0.00012999033427846146
2022-06-16,0.00012806968472339538
2022-06-17,0.00012691684862321725
2022-06-21,0.00012922218600501024
2022-06-22,0.00012345632946449497
2022-06-23,0.00012076272666746792
2022-06-24,0.0001223021521424062
2022-06-27,0.00012499471055305958
2022-06-28,0.00012499471055305958
2022-06-29,0.00012114763902707457
2022-06-30,0.0001165262247218412
2022-07-01,0.0001126709305603882
2022-07-05,0.00011035595491772711
2022-07-06,0.00011459904583482845
2022-07-07,0.0001176820829663122
2022-07-08,0.00012076272666746792
2022-07-11,0.000116911548212774
2022-07-12,0.00011575546547531716
2022-07-13,0.00011382791214249548
2022-07-14,0.00011575546547531716
2022-07-15,0.00011459904583482845
2022-07-18,0.00011575546547531716
2022-07-19,0.0001176820829663122
2022-07-20,0.00011883760463473055
2022-07-21,0.00011382791214249548
2022-07-22,0.00010842577638448576
2022-07-25,0.00010996999431165
2022-07-26,0.00010996999431165
2022-07-27,0.00010881188720631833
2022-07-28,0.00010494908736050884
2022-07-29,0.00010456260048723001
2022-08-01,0.0001018561378911818
2022-08-02,0.00010765344201687577
2022-08-03,0.00010688095730190889
2022-08-04,0.00010494908736050884
2022-08-05,0.00011074187798812646
2022-08-08,0.00010842577638448576
2022-08-09,0.00010958399616259281
2022-08-10,0.00010881188720631833
2022-08-11,0.00011228519505891767
2022-08-12,0.00011112776353014819
2022-08-15,0.0001091979604632511
2022-08-16,0.00011035595491772711
2022-08-17,0.0001130566285699501
2022-08-18,0.0001126709305603882
2022-08-19,0.0001165262247218412
2022-08-22,0.00011845246813049719
2022-08-23,0.00011922270376339938
2022-08-24,0.00012153251405460613
2022-08-25,0.00011845246813049719
2022-08-26,0.00011883760463473055
2022-08-29,0.00012191735175730349
2022-08-30,0.00012153251405460613
2022-08-31,0.00012307164098876802
2022-09-01,0.0001273011645373478
2022-09-02,0.00012499471055305958
2022-09-06,0.00012999033427846146
2022-09-07,0.00012768544323500476
2022-09-08,0.00012845388900972478
2022-09-09,0.00012999033427846146
2022-09-12,0.00013152618489008764
2022-09-13,0.00013344516261898435
2022-09-14,0.00013306144130473152
2022-09-15,0.0001345961039819867
2022-09-16,0.0001345961039819867
2022-09-19,0.00013613017338091364
2022-09-20,0.0001391965341773657
2022-09-21,0.0001368969857443149
2022-09-22,0.0001441743224102786
2022-09-23,0.00014379163723053713
2022-09-26,0.00015105635240657254
2022-09-27,0.00015449289683249024
2022-09-28,0.00014493958207290543
2022-09-29,0.00014646965880990933
2022-09-30,0.0001491458743145683
2022-10-03,0.00014302615613860837
2022-10-04,0.00014111180713710666
2022-10-05,0.00014646965880990933
2022-10-06,0.0001491458743145683
2022-10-07,0.00015143833767598754
2022-10-11,0.0001529659111596779
2022-10-12,0.00015220219792247582
2022-10-13,0.00015449289683249024
2022-10-14,0.00015563775060825925
2022-10-17,0.00015640080300331373
2022-10-18,0.0001560192951466286
2022-10-19,0.00016097603867722918
2022-10-20,0.00016478470963689803
2022-10-21,0.00016364249212795541
2022-10-24,0.00016516537575722004
2022-10-25,0.0001594515461620308
2022-10-26,0.00015716370869983895
2022-10-27,0.0001541112054968183
2022-10-28,0.00015640080300331373
2022-10-31,0.0001594515461620308
2022-11-01,0.00015830779230824056
2022-11-02,0.0001594515461620308
2022-11-03,0.00016097603867722918
2022-11-04,0.00016211902384232588
2022-11-07,0.00016402326782927467
2022-11-08,0.00016097603867722918
2022-11-09,0.00016021386562806812
2022-11-10,0.00014876366829758573
2022-11-14,0.00015105635240657254
2022-11-15,0.00014799914580832115
2022-11-16,0.00014302615613860837
2022-11-17,0.000146852085829745
2022-11-18,0.00014876366829758573
2022-11-21,0.0001491458743145683
2022-11-22,0.00014646965880990933
2022-11-23,0.00014455697068869607
2022-11-25,0.00014340891514235372
2022-11-28,0.00014379163723053713
2022-11-29,0.00014608719493141428
2022-11-30,0.00014340891514235372
2022-12-01,0.0001376636499600407
2022-12-02,0.0001368969857443149
2022-12-05,0.00014034580887814025
2022-12-06,0.0001368969857443149
2022-12-07,0.00013344516261898435
2022-12-08,0.0001357467116259403
2022-12-09,0.0001391965341773657
2022-12-12,0.0001407288264903534
2022-12-13,0.0001368969857443149
2022-12-14,0.00013613017338091364
2022-12-15,0.00013421249395043913
2022-12-16,0.0001357467116259403
2022-12-19,0.0001391965341773657
2022-12-20,0.00014379163723053713
2022-12-21,0.00014340891514235372
2022-12-22,0.00014302615613860837
2022-12-23,0.00014608719493141428
2022-12-27,0.00014952804352257336
2022-12-28,0.00015105635240657254
2022-12-29,0.0001491458743145683
2022-12-30,0.00015105635240657254
2023-01-03,0.00014761682932185041
2023-01-04,0.00014379163723053713
2023-01-05,0.00014455697068869607
2023-01-06,0.00013843016608532492
2023-01-09,0.0001376636499600407
2023-01-10,0.0001407288264903534
2023-01-11,0.0001380469265304128
2023-01-12,0.00013382884683182895
2023-01-13,0.00013613017338091364
2023-01-17,0.0001376636499600407
2023-01-18,0.00013152618489008764
2023-01-19,0.00013229388734329527
2023-01-20,0.0001357467116259403
2023-01-23,0.00013728033636705938
2023-01-24,0.00013497967693364135
2023-01-25,0.00013497967693364135
2023-01-26,0.00013613017338091364
2023-01-27,0.00013728033636705938
2023-01-30,0.00013843016608532492
2023-01-31,0.00013728033636705938
2023-02-01,0.00013229388734329527
2023-02-02,0.00013267768288189452
2023-02-03,0.0001376636499600407
2023-02-06,0.00014149475082553446
2023-02-07,0.00014302615613860837
2023-02-08,0.00014149475082553446
2023-02-09,0.00014302615613860837
2023-02-10,0.0001457046941871542
2023-02-13,0.00014493958207290543
2023-02-14,0.000146852085829745
2023-02-15,0.00014838142546453448
2023-02-16,0.0001502922715400059
2023-02-17,0.00014876366829758573
2023-02-21,0.00015372947744416923
2023-02-22,0.0001529659111596779
2023-02-23,0.00015105635240657254
2023-02-24,0.00015372947744416923
2023-02-27,0.00015258407291370092
2023-02-28,0.00015258407291370092
2023-03-01,0.0001560192951466286
2023-03-02,0.00015868908022285085
2023-03-03,0.00015449289683249024
2023-03-06,0.00015487455145824763
2023-03-07,0.00015449289683249024
2023-03-08,0.00015487455145824763
2023-03-09,0.0001529659111596779
2023-03-10,0.0001441743224102786
2023-03-13,0.00013843016608532492
2023-03-14,0.0001418776575627692
2023-03-15,0.0001368969857443149
2023-03-16,0.00013881336863192696
2023-03-17,0.00013229388734329527
2023-03-20,0.0001353632128125707
2023-03-21,0.0001399627542933307
2023-03-22,0.0001357467116259403
2023-03-23,0.0001319100546817537
2023-03-24,0.0001319100546817537
2023-03-27,0.0001376636499600407
2023-03-28,0.00013843016608532492
2023-03-29,0.0001391965341773657
2023-03-30,0.00013843016608532492
2023-03-31,0.0001357467116259403
2023-04-03,0.00013382884683182895
2023-04-04,0.0001307583338876428
2023-04-05,0.00012883805610119608
2023-04-06,0.00012883805610119608
2023-04-10,0.00013306144130473152
2023-04-11,0.00013382884683182895
2023-04-12,0.00013306144130473152
2023-04-13,0.0001345961039819867
2023-04-14,0.00013728033636705938
2023-04-17,0.00014034580887814025
2023-04-18,0.00013957966272878605
2023-04-19,0.00014034580887814025
2023-04-20,0.0001380469265304128
2023-04-21,0.0001391965341773657
2023-04-24,0.00013728033636705938
2023-04-25,0.00013267768288189452
2023-04-26,0.00013382884683182895
2023-04-27,0.0001376636499600407
2023-04-28,0.00013421249395043913
2023-05-01,0.0001399627542933307
2023-05-02,0.00013421249395043913
2023-05-03,0.0001319100546817537
2023-05-04,0.00013152618489008764
2023-05-05,0.00013421249395043913
2023-05-08,0.00013728033636705938
2023-05-09,0.0001376636499600407
2023-05-10,0.00013382884683182895
2023-05-11,0.00013229388734329527
2023-05-12,0.00013497967693364135
2023-05-15,0.00013651359808465206
2023-05-16,0.0001380469265304128
2023-05-17,0.0001391965341773657
2023-05-18,0.0001422605273559413
2023-05-19,0.0001441743224102786
2023-05-22,0.00014493958207290543
2023-05-23,0.0001441743224102786
2023-05-24,0.00014532215657002146
2023-05-25,0.0001491458743145683
2023-05-26,0.00014799914580832115
2023-05-30,0.00014379163723053713
2023-05-31,0.0001418776575627692
2023-06-01,0.0001407288264903534
2023-06-02,0.00014379163723053713
2023-06-05,0.00014379163723053713
2023-06-06,0.0001441743224102786
2023-06-07,0.00014761682932185041
2023-06-08,0.00014532215657002146
2023-06-09,0.00014608719493141428
2023-06-12,0.00014532215657002146
2023-06-13,0.00014952804352257336
2023-06-14,0.0001491458743145683
2023-06-15,0.00014493958207290543
2023-06-16,0.000146852085829745
2023-06-20,0.0001457046941871542
2023-06-21,0.00014493958207290543
2023-06-22,0.00014799914580832115
2023-06-23,0.0001457046941871542
2023-06-26,0.00014493958207290543
2023-06-27,0.000146852085829745
2023-06-28,0.00014455697068869607
2023-06-29,0.00014991017592869016
2023-06-30,0.00014838142546453448
2023-07-03,0.0001502922715400059
2023-07-05,0.00015372947744416923
2023-07-06,0.00015754510655377796
2023-07-07,0.0001579264677542304
2023-07-10,0.0001560192951466286
2023-07-11,0.0001552561693811511
2023-07-12,0.0001502922715400059
2023-07-13,0.00014646965880990933
2023-07-14,0.0001491458743145683
2023-07-17,0.00014838142546453448
2023-07-18,0.00014799914580832115
2023-07-19,0.00014608719493141428
2023-07-20,0.00014991017592869016
2023-07-21,0.00014952804352257336
2023-07-24,0.0001502922715400059
2023-07-25,0.00015220219792247582
2023-07-26,0.0001502922715400059
2023-07-27,0.0001560192951466286
2023-07-28,0.0001541112054968183
2023-07-31,0.00015449289683249024
2023-08-01,0.00015754510655377796
2023-08-02,0.00015868908022285085
2023-08-03,0.00016326167988561593
2023-08-04,0.00015754510655377796
2023-08-07,0.0001590703315051015
2023-08-08,0.00015640080300331373
2023-08-09,0.00015563775060825925
2023-08-10,0.0001590703315051015
2023-08-11,0.00016173806536574534
2023-08-14,0.00016288083109524215
2023-08-15,0.00016364249212795541
2023-08-16,0.00016630715506829193
2023-08-17,0.00016706815880410843
2023-08-18,0.0001655460053645574
2023-08-21,0.00016858972859585473
2023-08-22,0.00016858972859585473
2023-08-23,0.00016288083109524215
2023-08-24,0.00016440400699658554
2023-08-25,0.00016516537575722004
2023-08-28,0.00016326167988561593
2023-08-29,0.00016021386562806812
2023-08-30,0.00016021386562806812
2023-08-31,0.0001590703315051015
2023-09-01,0.00016249994574981814
2023-09-05,0.00016592659846591408
2023-09-06,0.00016706815880410843
2023-09-07,0.00016592659846591408
2023-09-08,0.0001655460053645574
2023-09-11,0.00016668767517869076
2023-09-12,0.00016592659846591408
2023-09-13,0.00016516537575722004
2023-09-14,0.00016668767517869076
2023-09-15,0.00016820939084042272
2023-09-18,0.0001678290166279816
2023-09-19,0.00016973052318995657
2023-09-20,0.0001689700299012638
2023-09-21,0.00017429042483304796
2023-09-22,0.00017239110255093938
2023-09-25,0.00017656841224821947
2023-09-26,0.00017694794971379055
2023-09-27,0.0001788450927284847
2023-09-28,0.00017808634435748216
2023-09-29,0.00017808634435748216
2023-10-02,0.00018187863628242918
2023-10-03,0.00018642460791267715
2023-10-04,0.00018339453887683687
2023-10-05,0.00018301561751409934
2023-10-06,0.00018528860314278713
2023-10-10,0.0001807413291903586
2023-10-11,0.00017770691576148115
2023-10-12,0.00018225766622380848
2023-10-13,0.0001796036960510499
2023-10-16,0.00018263665996539385
2023-10-17,0.00018718176379519815
2023-10-18,0.0001902089434734235
2023-10-19,0.00019285583268278736
2023-10-20,0.00019096537770527054
2023-10-23,0.00018831722681069576
2023-10-24,0.00018718176379519815
2023-10-25,0.0001917216677720267
2023-10-26,0.00018831722681069576
2023-10-27,0.00018756028756791357
2023-10-30,0.00018907402169584522
2023-10-31,0.00018907402169584522
2023-11-01,0.0001849098626062788
2023-11-02,0.00018112046777262315
2023-11-03,0.00017732745088256386
2023-11-06,0.00018112046777262315
2023-11-07,0.00017770691576148115
2023-11-08,0.00017429042483304796
2023-11-09,0.0001792244125173558
2023-11-10,0.0001788450927284847
2023-11-13,0.0001796036960510499
2023-11-14,0.00017239110255093938
2023-11-15,0.000175809228398906
2023-11-16,0.00017277103974001353
2023-11-17,0.00017239110255093938
2023-11-20,0.00017163111902505934
2023-11-21,0.00017125107267431598
2023-11-22,0.00017163111902505934
2023-11-24,0.00017353080500525872
2023-11-27,0.00017049087076236396
2023-11-28,0.00016858972859585473
2023-11-29,0.00016592659846591408
2023-11-30,0.00016973052318995657
2023-12-01,0.00016402326782927467
2023-12-04,0.00016630715506829193
2023-12-05,0.00016249994574981814
2023-12-06,0.00016021386562806812
2023-12-07,0.00016097603867722918
2023-12-08,0.00016440400699658554
2023-12-11,0.00016440400699658554
2023-12-12,0.00016326167988561593
2023-12-13,0.00015716370869983895
2023-12-14,0.00015258407291370092
2023-12-15,0.00015220219792247582
2023-12-18,0.00015372947744416923
2023-12-19,0.0001529659111596779
2023-12-20,0.0001502922715400059
2023-12-21,0.00015143833767598754
2023-12-22,0.00015182028617892964
2023-12-26,0.00015143833767598754
2023-12-27,0.00014761682932185041
2023-12-28,0.00014952804352257336
2023-12-29,0.00015105635240657254
2024-01-02,0.00015372947744416923
2024-01-03,0.00015220219792247582
2024-01-04,0.0001552561693811511
2024-01-05,0.00015754510655377796
2024-01-08,0.0001560192951466286
2024-01-09,0.00015640080300331373
2024-01-10,0.00015716370869983895
2024-01-11,0.00015487455145824763
2024-01-12,0.0001541112054968183
2024-01-16,0.00015830779230824056
2024-01-17,0.0001594515461620308
2024-01-18,0.00016097603867722918
2024-01-19,0.00016135707031305444
2024-01-22,0.00015983272420067493
2024-01-23,0.00016097603867722918
2024-01-24,0.00016249994574981814
2024-01-25,0.00016097603867722918
2024-01-26,0.00016135707031305444
2024-01-29,0.00015868908022285085
2024-01-30,0.0001579264677542304
2024-01-31,0.0001552561693811511
2024-02-01,0.00015067433036360567
2024-02-02,0.00015678227418536701
2024-02-05,0.00016211902384232588
2024-02-06,0.0001590703315051015
2024-02-07,0.0001590703315051015
2024-02-08,0.00016135707031305444
2024-02-09,0.00016211902384232588
2024-02-12,0.00016211902384232588
2024-02-13,0.0001674486059515408
2024-02-14,0.00016592659846591408
2024-02-15,0.00016478470963689803
2024-02-16,0.00016706815880410843
2024-02-20,0.00016592659846591408
2024-02-21,0.0001678290166279816
2024-02-22,0.00016820939084042272
2024-02-23,0.0001655460053645574
2024-02-26,0.00016630715506829193
2024-02-27,0.0001674486059515408
2024-02-28,0.00016592659846591408
2024-02-29,0.00016516537575722004
2024-03-01,0.00016288083109524215
2024-03-04,0.00016402326782927467
2024-03-05,0.00016059497045124252
2024-03-06,0.00015983272420067493
2024-03-07,0.0001590703315051015
2024-03-08,0.0001590703315051015
2024-03-11,0.0001594515461620308
2024-03-12,0.00016173806536574534
2024-03-13,0.00016288083109524215
2024-03-14,0.00016668767517869076
2024-03-15,0.0001674486059515408
2024-03-18,0.00016858972859585473
2024-03-19,0.00016706815880410843
2024-03-20,0.00016592659846591408
2024-03-21,0.00016592659846591408
2024-03-22,0.00016402326782927467
2024-03-25,0.00016516537575722004
2024-03-26,0.00016478470963689803
2024-03-27,0.00016326167988561593
2024-03-28,0.00016326167988561593
2024-04-01,0.00016820939084042272
2024-04-02,0.00016935029476363648
2024-04-03,0.00016935029476363648
2024-04-04,0.0001674486059515408
2024-04-05,0.00017049087076236396
2024-04-08,0.00017163111902505934
2024-04-09,0.00016935029476363648
2024-04-10,0.00017656841224821947
2024-04-11,0.00017694794971379055
2024-04-12,0.00017467018022529468
2024-04-15,0.0001796036960510499
2024-04-16,0.00018112046777262315
2024-04-17,0.00017808634435748216
2024-04-18,0.0001799829433364968
2024-04-19,0.0001792244125173558
2024-04-22,0.0001792244125173558
2024-04-23,0.0001788450927284847
2024-04-24,0.00018036215438062443
2024-04-25,0.00018225766622380848
2024-04-26,0.00018112046777262315
2024-04-29,0.0001796036960510499
2024-04-30,0.00018187863628242918
2024-05-01,0.0001796036960510499
2024-05-02,0.00017770691576148115
2024-05-03,0.00017467018022529468
2024-05-06,0.00017429042483304796
2024-05-07,0.00017353080500525872
2024-05-08,0.0001739106330953552
2024-05-09,0.00017277103974001353
2024-05-10,0.00017467018022529468
2024-05-13,0.0001739106330953552
2024-05-14,0.00017277103974001353
2024-05-15,0.00016935029476363648
2024-05-16,0.00017011071518720583
2024-05-17,0.00017163111902505934
2024-05-20,0.00017239110255093938
2024-05-21,0.00017125107267431598
2024-05-22,0.00017201112898161057
2024-05-23,0.00017353080500525872
2024-05-24,0.00017315094055579873
2024-05-28,0.0001761888384789068
2024-05-29,0.0001788450927284847
2024-05-30,0.00017656841224821947
2024-05-31,0.00017504989927905108
2024-06-03,0.00017125107267431598
2024-06-04,0.00016820939084042272
2024-06-05,0.00016668767517869076
2024-06-06,0.00016630715506829193
2024-06-07,0.00017201112898161057
2024-06-10,0.00017353080500525872
2024-06-11,0.00017049087076236396
2024-06-12,0.0001674486059515408
2024-06-13,0.00016478470963689803
2024-06-14,0.00016326167988561593
2024-06-17,0.00016630715506829193
2024-06-18,0.00016402326782927467
2024-06-20,0.00016516537575722004
2024-06-21,0.00016516537575722004
2024-06-24,0.00016516537575722004
2024-06-25,0.00016440400699658554
2024-06-26,0.0001678290166279816
2024-06-27,0.00016668767517869076
2024-06-28,0.00016935029476363648
2024-07-01,0.0001739106330953552
2024-07-02,0.00017201112898161057
2024-07-03,0.00016935029476363648
2024-07-05,0.00016630715506829193
2024-07-08,0.00016630715506829193
2024-07-09,0.00016706815880410843
2024-07-10,0.00016630715506829193
2024-07-11,0.00016326167988561593
2024-07-12,0.00016249994574981814
2024-07-15,0.00016440400699658554
2024-07-16,0.00016211902384232588
2024-07-17,0.00016173806536574534
2024-07-18,0.00016326167988561593
2024-07-19,0.00016516537575722004
2024-07-22,0.0001655460053645574
2024-07-23,0.00016516537575722004
2024-07-24,0.00016630715506829193
2024-07-25,0.00016592659846591408
2024-07-26,0.00016326167988561593
2024-07-29,0.00016211902384232588
2024-07-30,0.00016135707031305444
2024-07-31,0.0001590703315051015
2024-08-01,0.0001552561693811511
2024-08-02,0.00014799914580832115
2024-08-05,0.00014723447599802484
2024-08-06,0.00015182028617892964
2024-08-07,0.0001541112054968183
2024-08-08,0.0001552561693811511
2024-08-09,0.0001533477126674783
2024-08-12,0.00015182028617892964
2024-08-13,0.00014991017592869016
2024-08-14,0.0001491458743145683
2024-08-15,0.00015258407291370092
2024-08-16,0.00015143833767598754
2024-08-19,0.0001502922715400059
2024-08-20,0.00014876366829758573
2024-08-21,0.00014761682932185041
2024-08-22,0.0001502922715400059
2024-08-23,0.00014838142546453448
2024-08-26,0.00014876366829758573
2024-08-27,0.0001491458743145683
2024-08-28,0.00014952804352257336
2024-08-29,0.00015067433036360567
2024-08-30,0.00015220219792247582
2024-09-03,0.00014952804352257336
2024-09-04,0.000146852085829745
2024-09-05,0.00014532215657002146
2024-09-06,0.00014493958207290543
2024-09-09,0.0001441743224102786
2024-09-10,0.0001422605273559413
2024-09-11,0.0001422605273559413
2024-09-12,0.00014340891514235372
2024-09-13,0.00014264336021217893
2024-09-16,0.00014149475082553446
2024-09-17,0.0001422605273559413
2024-09-18,0.0001441743224102786
2024-09-19,0.00014532215657002146
2024-09-20,0.00014532215657002146
2024-09-23,0.00014608719493141428
2024-09-24,0.0001457046941871542
2024-09-25,0.00014761682932185041
2024-09-26,0.00014761682932185041
2024-09-27,0.00014608719493141428
2024-09-30,0.00014838142546453448
2024-10-01,0.0001457046941871542
2024-10-02,0.00014761682932185041
2024-10-03,0.00014991017592869016
2024-10-04,0.00015487455145824763
2024-10-07,0.00015678227418536701
2024-10-08,0.00015716370869983895
2024-10-09,0.0001579264677542304
2024-10-10,0.0001590703315051015
2024-10-11,0.00015868908022285085
2024-10-15,0.00015678227418536701
2024-10-16,0.00015640080300331373
2024-10-17,0.0001590703315051015
2024-10-18,0.00015868908022285085
2024-10-21,0.00016288083109524215
2024-10-22,0.00016326167988561593
2024-10-23,0.00016478470963689803
2024-10-24,0.00016364249212795541
2024-10-25,0.00016516537575722004
2024-10-28,0.00016630715506829193
2024-10-29,0.00016630715506829193
2024-10-30,0.00016668767517869076
2024-10-31,0.00016630715506829193
2024-11-01,0.00016973052318995657
2024-11-04,0.0001674486059515408
2024-11-05,0.0001655460053645574
2024-11-06,0.00017163111902505934
2024-11-07,0.0001674486059515408
2024-11-08,0.00016706815880410843
2024-11-12,0.00017201112898161057
2024-11-13,0.00017239110255093938
2024-11-14,0.00017201112898161057
2024-11-15,0.00017201112898161057
2024-11-18,0.00017163111902505934
2024-11-19,0.00017049087076236396
2024-11-20,0.00017125107267431598
2024-11-21,0.00017201112898161057
2024-11-22,0.00017125107267431598
2024-11-25,0.00016592659846591408
2024-11-26,0.00016706815880410843
2024-11-27,0.00016516537575722004
2024-11-29,0.00016249994574981814
2024-12-02,0.00016288083109524215
2024-12-03,0.00016440400699658554
2024-12-04,0.00016288083109524215
2024-12-05,0.00016211902384232588
2024-12-06,0.00016135707031305444
2024-12-09,0.00016326167988561593
2024-12-10,0.00016402326782927467
2024-12-11,0.0001655460053645574
2024-12-12,0.0001678290166279816
2024-12-13,0.00017087098992240877
2024-12-16,0.00017049087076236396
2024-12-17,0.00017087098992240877
2024-12-18,0.00017467018022529468
2024-12-19,0.00017732745088256386
2024-12-20,0.00017542958200127097
2024-12-23,0.00017808634435748216
2024-12-24,0.00017808634435748216
2024-12-26,0.00017770691576148115
2024-12-27,0.0001792244125173558
2024-12-30,0.00017656841224821947
2024-12-31,0.00017770691576148115
2025-01-02,0.00017732745088256386
2025-01-03,0.00017846573667750474
2025-01-06,0.0001792244125173558
2025-01-07,0.00018112046777262315
2025-01-08,0.00018112046777262315
2025-01-10,0.0001849098626062788
2025-01-13,0.00018566730753475787
2025-01-14,0.00018528860314278713
2025-01-15,0.0001807413291903586
2025-01-16,0.0001788450927284847
2025-01-17,0.0001788450927284847
2025-01-21,0.00017732745088256386
2025-01-22,0.00017846573667750474
2025-01-23,0.00018036215438062443
2025-01-24,0.0001796036960510499
2025-01-27,0.000175809228398906
2025-01-28,0.00017656841224821947
2025-01-29,0.00017656841224821947
2025-01-30,0.00017542958200127097
2025-01-31,0.00017770691576148115
2025-02-03,0.0001761888384789068
2025-02-04,0.00017542958200127097
2025-02-05,0.00017201112898161057
2025-02-06,0.00017277103974001353
2025-02-07,0.00017429042483304796
2025-02-10,0.00017504989927905108
2025-02-11,0.0001761888384789068
2025-02-12,0.0001792244125173558
2025-02-13,0.00017542958200127097
2025-02-14,0.00017353080500525872
2025-02-18,0.00017656841224821947
2025-02-19,0.000175809228398906
2025-02-20,0.00017467018022529468
2025-02-21,0.00017163111902505934
2025-02-24,0.00017087098992240877
2025-02-25,0.00016706815880410843
2025-02-26,0.00016516537575722004
2025-02-27,0.00016668767517869076
2025-02-28,0.00016478470963689803
2025-03-03,0.00016173806536574534
2025-03-04,0.00016402326782927467
